transportmean_name,line_number,order_number,stop_id,stop_code,stop_name,stop_desc,stop_lat,stop_lon,zone_id,stop_url,location_type,parent_station,stop_timezone,wheelchair_boarding
METRO,1,1_0,par_4_263,263,PINAR DE CHAMARTIN,Calle de Arturo Soria 330,40.480140000000006,-3.6668,A,http://www.crtm.es,0,est_4_263,Europe/Madrid,2
METRO,1,1_1,par_4_262,262,BAMBU,Calle del Bambú 14,40.476820000000004,-3.67637,A,http://www.crtm.es,0,,Europe/Madrid,2
METRO,1,1_2,par_4_261,261,CHAMARTIN,Calle de Agustín de Foxá 40,40.47203,-3.6825900000000003,A,http://www.crtm.es,0,est_90_25,,2
METRO,1,1_3,par_4_1,1,PLAZA DE CASTILLA,Paseo de la Castellana 189,40.4669,-3.68917,A,http://www.crtm.es,0,est_90_21,,0
METRO,1,1_4,par_4_2,2,VALDEACEDERAS,Calle de Bravo Murillo 332,40.464420000000004,-3.69506,A,http://www.crtm.es,0,,Europe/Madrid,0
METRO,1,1_5,par_4_3,3,TETUAN,Calle de Bravo Murillo 264,40.46055,-3.69825,A,http://www.crtm.es,0,,Europe/Madrid,0
METRO,1,1_6,par_4_4,4,ESTRECHO,Calle de Bravo Murillo 191,40.45429,-3.7030199999999995,A,http://www.crtm.es,0,,Europe/Madrid,0
METRO,1,1_7,par_4_5,5,ALVARADO,Calle de Bravo Murillo 138,40.45033,-3.7033099999999997,A,http://www.crtm.es,0,,Europe/Madrid,0
METRO,1,1_8,par_4_6,6,CUATRO CAMINOS,Gta de Cuatro Caminos 2,40.44697,-3.7039699999999995,A,http://www.crtm.es,0,est_4_6,Europe/Madrid,2
METRO,1,1_9,par_4_7,7,RIOS ROSAS,Calle de Ríos Rosas 22,40.44198,-3.7013300000000005,A,http://www.crtm.es,0,,Europe/Madrid,0
METRO,1,1_10,par_4_8,8,IGLESIA,Gta del Pintor Sorolla 2,40.43492,-3.69898,A,http://www.crtm.es,0,,Europe/Madrid,2
METRO,1,1_11,par_4_9,9,BILBAO,Calle de Sagasta 2,40.42906,-3.7021800000000002,A,http://www.crtm.es,0,est_4_9,Europe/Madrid,0
METRO,1,1_12,par_4_10,10,TRIBUNAL,Calle de Fuencarral 81,40.426190000000005,-3.7011,A,http://www.crtm.es,0,est_4_10,Europe/Madrid,0
METRO,1,1_13,par_4_11,11,GRAN VIA,Calle   Gran Vía 23,40.42001,-3.7018,A,http://www.crtm.es,0,est_4_11,Europe/Madrid,0
METRO,1,1_14,par_4_12,12,SOL,Plaza de la Puerta del Sol 6,40.41688,-3.7032599999999998,A,http://www.crtm.es,0,est_90_58,,1
METRO,1,1_15,par_4_13,13,TIRSO DE MOLINA,Plaza de Tirso de Molina 7,40.41235,-3.70466,A,http://www.crtm.es,0,,Europe/Madrid,0
METRO,1,1_16,par_4_14,14,ANTON MARTIN,Calle de Atocha 50,40.412459999999996,-3.6993699999999996,A,http://www.crtm.es,0,,Europe/Madrid,0
METRO,1,1_17,par_4_15,15,ESTACION DEL ARTE,Plaza del Emperador Carlos V 11,40.40885,-3.6924900000000003,A,http://www.crtm.es,0,,Europe/Madrid,0
METRO,1,1_18,par_4_16,16,ATOCHA-RENFE,Avda de la Ciudad de Barcelona 2 B,40.40659,-3.6893800000000003,A,http://www.crtm.es,0,est_90_54,,2
METRO,1,1_19,par_4_17,17,MENENDEZ PELAYO,Avda de la Ciudad de Barcelona 23,40.40445,-3.6809800000000004,A,http://www.crtm.es,0,,Europe/Madrid,0
METRO,1,1_20,par_4_18,18,PACIFICO,Avda de la Ciudad de Barcelona 79,40.40126,-3.6751400000000003,A,http://www.crtm.es,0,est_4_18,Europe/Madrid,0
METRO,1,1_21,par_4_19,19,PUENTE DE VALLECAS,Avda de la Albufera 1,40.39819,-3.66906,A,http://www.crtm.es,0,,Europe/Madrid,0
METRO,1,1_22,par_4_20,20,NUEVA NUMANCIA,Avda de la Albufera 70,40.395540000000004,-3.66414,A,http://www.crtm.es,0,,Europe/Madrid,0
METRO,1,1_23,par_4_21,21,PORTAZGO,Avda de la Albufera 131,40.39266,-3.6586800000000004,A,http://www.crtm.es,0,,Europe/Madrid,0
METRO,1,1_24,par_4_22,22,BUENOS AIRES,Avda de la Albufera 179,40.39156,-3.6539099999999998,A,http://www.crtm.es,0,,Europe/Madrid,0
METRO,1,1_25,par_4_23,23,ALTO DEL ARENAL,Calle de Santillana del Mar 21,40.38977,-3.6452199999999997,A,http://www.crtm.es,0,,Europe/Madrid,2
METRO,1,1_26,par_4_24,24,MIGUEL HERNANDEZ,Calle de León Felipe 4 A,40.38732,-3.63951,A,http://www.crtm.es,0,,Europe/Madrid,2
METRO,1,1_27,par_4_25,25,SIERRA DE GUADALUPE,Avda de la Democracia 1,40.38216,-3.6247199999999995,A,http://www.crtm.es,0,,Europe/Madrid,2
METRO,1,1_28,par_4_26,26,VILLA DE VALLECAS,Paseo de Federico García Lorca 2,40.3796,-3.6213,A,http://www.crtm.es,0,,Europe/Madrid,2
METRO,1,1_29,par_4_27,27,CONGOSTO,Calle del Congosto 48,40.37238,-3.61884,A,http://www.crtm.es,0,,Europe/Madrid,2
METRO,1,1_30,par_4_293,293,LA GAVIA,Avda del Ensanche de Vallecas 16,40.37019,-3.61346,A,http://www.crtm.es,0,,Europe/Madrid,2
METRO,1,1_31,par_4_294,294,LAS SUERTES,Calle de Cañada del Santísimo 45,40.36323,-3.59953,A,http://www.crtm.es,0,,Europe/Madrid,2
METRO,1,1_32,par_4_295,295,VALDECARROS,Avda del Ensanche de Vallecas 120 A,40.36007,-3.5931599999999997,A,http://www.crtm.es,0,,Europe/Madrid,2
METRO,2,2_0,par_4_325,325,LAS ROSAS,Paseo de Ginebra 35,40.42375,-3.60331,A,http://www.crtm.es,0,,Europe/Madrid,0
METRO,2,2_1,par_4_324,324,AVENIDA DE GUADALAJARA,Avda de Guadalajara 110,40.42239,-3.61206,A,http://www.crtm.es,0,,Europe/Madrid,0
METRO,2,2_2,par_4_323,323,ALSACIA,Plaza de Alsacia S/N,40.41829,-3.62351,,http://www.crtm.es,0,,Europe/Madrid,0
METRO,2,2_3,par_4_322,322,LA ALMUDENA,Calle de Arriaga 75,40.42361,-3.6391400000000003,,http://www.crtm.es,0,,Europe/Madrid,0
METRO,2,2_4,par_4_260,260,LA ELIPA,Avda del Marqués de Corbera 58,40.42662,-3.6505199999999998,A,http://www.crtm.es,0,,Europe/Madrid,2
METRO,2,2_5,par_4_28,28,VENTAS,Calle de Alcalá 204,40.43088,-3.6636599999999997,A,http://www.crtm.es,0,est_4_28,Europe/Madrid,0
METRO,2,2_6,par_4_29,29,MANUEL BECERRA,Plaza de Manuel Becerra 1,40.4279,-3.66926,A,http://www.crtm.es,0,est_4_29,Europe/Madrid,0
METRO,2,2_7,par_4_30,30,GOYA,Calle de Alcalá 96,40.42455,-3.67591,A,http://www.crtm.es,0,est_4_30,Europe/Madrid,2
METRO,2,2_8,par_4_31,31,PRINCIPE DE VERGARA,Calle de Alcalá 123,40.422940000000004,-3.6801199999999996,A,http://www.crtm.es,0,est_4_31,Europe/Madrid,0
METRO,2,2_9,par_4_32,32,RETIRO,Calle de Alcalá 81,40.42031,-3.68624,A,http://www.crtm.es,0,,Europe/Madrid,0
METRO,2,2_10,par_4_33,33,BANCO DE ESPANA,Calle de Alcalá 49,40.41922,-3.6949699999999996,A,http://www.crtm.es,0,,Europe/Madrid,0
METRO,2,2_11,par_4_34,34,SEVILLA,Calle de Alcalá 23,40.41805,-3.69925,A,http://www.crtm.es,0,,Europe/Madrid,0
METRO,2,2_12,par_4_12,12,SOL,Plaza de la Puerta del Sol 6,40.41688,-3.7032599999999998,A,http://www.crtm.es,0,est_90_58,,1
METRO,2,2_13,par_4_36,36,OPERA,Plaza de Isabel II 9,40.41809,-3.7094199999999997,A,http://www.crtm.es,0,est_4_36,Europe/Madrid,0
METRO,2,2_14,par_4_37,37,SANTO DOMINGO,Calle de San Bernardo 11,40.42132,-3.70796,A,http://www.crtm.es,0,,Europe/Madrid,0
METRO,2,2_15,par_4_38,38,NOVICIADO,Calle de San Bernardo 49,40.42484,-3.7074199999999995,A,http://www.crtm.es,0,,Europe/Madrid,0
METRO,2,2_16,par_4_39,39,SAN BERNARDO,Calle de San Bernardo 94,40.430009999999996,-3.70557,A,http://www.crtm.es,0,est_4_39,Europe/Madrid,0
METRO,2,2_17,par_4_40,40,QUEVEDO,Gta de Quevedo 1,40.43322,-3.70433,A,http://www.crtm.es,0,,Europe/Madrid,0
METRO,2,2_18,par_4_41,41,CANAL,Calle de Bravo Murillo 40,40.43841,-3.70433,A,http://www.crtm.es,0,est_4_41,Europe/Madrid,2
METRO,2,2_19,par_4_6,6,CUATRO CAMINOS,Gta de Cuatro Caminos 2,40.44697,-3.7039699999999995,A,http://www.crtm.es,0,est_4_6,Europe/Madrid,2
METRO,3,3_0,par_4_273,273,VILLAVERDE ALTO,Calle del Valle de Tobalina 56,40.341229999999996,-3.71199,A,http://www.crtm.es,0,,Europe/Madrid,2
METRO,3,3_1,par_4_272,272,SAN CRISTOBAL,Avda de Andalucía 81,40.34154,-3.6931800000000004,A,http://www.crtm.es,0,,Europe/Madrid,2
METRO,3,3_2,par_4_271,271,VILLAVERDE BAJO-CRUCE,Avda de Andalucía 38,40.35089,-3.69265,A,http://www.crtm.es,0,,Europe/Madrid,2
METRO,3,3_3,par_4_270,270,CIUDAD DE LOS ANGELES,Avda de Andalucía 38,40.359590000000004,-3.69363,A,http://www.crtm.es,0,,Europe/Madrid,2
METRO,3,3_4,par_4_269,269,SAN FERMIN-ORCASUR,Avda de Andalucía 9,40.36999,-3.6941800000000002,A,http://www.crtm.es,0,,Europe/Madrid,2
METRO,3,3_5,par_4_268,268,HOSPITAL 12 DE OCTUBRE,Avda de Córdoba 49,40.375029999999995,-3.69585,A,http://www.crtm.es,0,,Europe/Madrid,2
METRO,3,3_6,par_4_267,267,ALMENDRALES,Avda de Córdoba 21,40.38409,-3.6978800000000005,A,http://www.crtm.es,0,,Europe/Madrid,2
METRO,3,3_7,par_4_43,43,LEGAZPI,Plaza de Legazpi 2 B,40.39116,-3.6951099999999997,A,http://www.crtm.es,0,est_4_43,Europe/Madrid,2
METRO,3,3_8,par_4_44,44,DELICIAS,Paseo de las Delicias 60,40.3999,-3.6942,A,http://www.crtm.es,0,,Europe/Madrid,2
METRO,3,3_9,par_4_45,45,PALOS DE LA FRONTERA,Calle de Palos de la Frontera 33,40.40307,-3.69423,A,http://www.crtm.es,0,,Europe/Madrid,2
METRO,3,3_10,par_4_46,46,EMBAJADORES,Gta de Embajadores 10,40.40513,-3.7026800000000004,A,http://www.crtm.es,0,,Europe/Madrid,2
METRO,3,3_11,par_4_47,47,LAVAPIES,Plaza de Lavapiés 7,40.40851,-3.7009,A,http://www.crtm.es,0,,Europe/Madrid,2
METRO,3,3_12,par_4_12,12,SOL,Plaza de la Puerta del Sol 6,40.41688,-3.7032599999999998,A,http://www.crtm.es,0,est_90_58,,1
METRO,3,3_13,par_4_49,49,CALLAO,Plaza del Callao 3,40.42014,-3.70566,A,http://www.crtm.es,0,est_4_49,Europe/Madrid,2
METRO,3,3_14,par_4_50,50,PLAZA DE ESPANA,Plaza de España 1,40.42342,-3.7112,A,http://www.crtm.es,0,est_4_50,Europe/Madrid,2
METRO,3,3_15,par_4_51,51,VENTURA RODRIGUEZ,Calle de la Princesa 22,40.42709,-3.7134099999999997,A,http://www.crtm.es,0,,Europe/Madrid,2
METRO,3,3_16,par_4_52,52,ARGUELLES,Calle de Alberto Aguilera 72,40.430659999999996,-3.71596,A,http://www.crtm.es,0,est_4_52,Europe/Madrid,0
METRO,3,3_17,par_4_53,53,MONCLOA,Plaza de la Moncloa 1,40.43502,-3.71945,A,http://www.crtm.es,0,est_90_14,,2
METRO,4,4_0,par_4_52,52,ARGUELLES,Calle de Alberto Aguilera 72,40.430659999999996,-3.71596,A,http://www.crtm.es,0,est_4_52,Europe/Madrid,0
METRO,4,4_1,par_4_39,39,SAN BERNARDO,Calle de San Bernardo 94,40.430009999999996,-3.70557,A,http://www.crtm.es,0,est_4_39,Europe/Madrid,0
METRO,4,4_2,par_4_9,9,BILBAO,Calle de Sagasta 2,40.42906,-3.7021800000000002,A,http://www.crtm.es,0,est_4_9,Europe/Madrid,0
METRO,4,4_3,par_4_57,57,ALONSO MARTINEZ,Plaza de Alonso Martínez 4,40.42772,-3.6959400000000002,A,http://www.crtm.es,0,est_4_57,Europe/Madrid,0
METRO,4,4_4,par_4_58,58,COLON,Plaza de Colón 2,40.42542,-3.69101,A,http://www.crtm.es,0,,Europe/Madrid,0
METRO,4,4_5,par_4_59,59,SERRANO,Calle de Goya 19,40.42543,-3.68663,A,http://www.crtm.es,0,,Europe/Madrid,0
METRO,4,4_6,par_4_60,60,VELAZQUEZ,Calle de Núñez de Balboa 33,40.42503,-3.6829199999999997,A,http://www.crtm.es,0,,Europe/Madrid,0
METRO,4,4_7,par_4_30,30,GOYA,Calle de Alcalá 96,40.42455,-3.67591,A,http://www.crtm.es,0,est_4_30,Europe/Madrid,2
METRO,4,4_8,par_4_62,62,LISTA,Calle del Conde de Peñalver 45,40.42917,-3.67541,A,http://www.crtm.es,0,,Europe/Madrid,0
METRO,4,4_9,par_4_63,63,DIEGO DE LEON,Calle de Diego de León 69,40.43468,-3.67495,A,http://www.crtm.es,0,est_4_63,Europe/Madrid,0
METRO,4,4_10,par_4_64,64,AVENIDA DE AMERICA,Avda de América 9 A,40.43803,-3.6766400000000004,A,http://www.crtm.es,0,est_90_4,,0
METRO,4,4_11,par_4_65,65,PROSPERIDAD,Plaza de la Prosperidad 4,40.44419,-3.6748199999999995,A,http://www.crtm.es,0,,Europe/Madrid,0
METRO,4,4_12,par_4_66,66,ALFONSO XIII,Calle de López de Hoyos 190,40.44825,-3.66791,A,http://www.crtm.es,0,,Europe/Madrid,0
METRO,4,4_13,par_4_67,67,AVENIDA DE LA PAZ,Avda de Ramón y Cajal 107,40.453540000000004,-3.6611800000000003,A,http://www.crtm.es,0,,Europe/Madrid,0
METRO,4,4_14,par_4_68,68,ARTURO SORIA,Calle de Arturo Soria 172,40.45583,-3.6561800000000004,A,http://www.crtm.es,0,,Europe/Madrid,0
METRO,4,4_15,par_4_69,69,ESPERANZA,Calle de Andorra 51,40.45945,-3.6458199999999996,A,http://www.crtm.es,0,,Europe/Madrid,0
METRO,4,4_16,par_4_70,70,CANILLAS,Avda de Machupichu 64,40.463809999999995,-3.6356,A,http://www.crtm.es,0,,Europe/Madrid,2
METRO,4,4_17,par_4_71,71,MAR DE CRISTAL,Gta del Mar de Cristal 1 B,40.469429999999996,-3.6383199999999998,A,http://www.crtm.es,0,est_4_71,Europe/Madrid,2
METRO,4,4_18,par_4_72,72,SAN LORENZO,Avda de la Barranquilla 9,40.474470000000004,-3.6395800000000005,A,http://www.crtm.es,0,,Europe/Madrid,2
METRO,4,4_19,par_4_73,73,PARQUE DE SANTA MARIA,Calle de Santa Virgilia 1,40.477109999999996,-3.6452400000000003,A,http://www.crtm.es,0,,Europe/Madrid,2
METRO,4,4_20,par_4_264,264,HORTALEZA,Calle del Capitán Cortés 4,40.47537,-3.65257,A,http://www.crtm.es,0,,Europe/Madrid,2
METRO,4,4_21,par_4_265,265,MANOTERAS,Calle de Bacares 24,40.47687,-3.6629,A,http://www.crtm.es,0,,Europe/Madrid,2
METRO,4,4_22,par_4_263,263,PINAR DE CHAMARTIN,Calle de Arturo Soria 330,40.480140000000006,-3.6668,A,http://www.crtm.es,0,est_4_263,Europe/Madrid,2
METRO,5,5_0,par_4_252,252,ALAMEDA DE OSUNA,Calle de la Corbeta 14,40.45779,-3.5875199999999996,A,http://www.crtm.es,0,,Europe/Madrid,2
METRO,5,5_1,par_4_253,253,EL CAPRICHO,Calle de Pinos de Osuna 15,40.45347,-3.59401,A,http://www.crtm.es,0,,Europe/Madrid,2
METRO,5,5_2,par_4_74,74,CANILLEJAS,Calle de Alcalá 631,40.44942,-3.60816,A,http://www.crtm.es,0,,Europe/Madrid,0
METRO,5,5_3,par_4_75,75,TORRE ARIAS,Calle de Alcalá 557,40.443740000000005,-3.61699,A,http://www.crtm.es,0,,Europe/Madrid,0
METRO,5,5_4,par_4_76,76,SUANZES,Calle de Alcalá 527,40.44085,-3.62684,A,http://www.crtm.es,0,,Europe/Madrid,0
METRO,5,5_5,par_4_77,77,CIUDAD LINEAL,Calle de Arturo Soria 2,40.43805,-3.63816,A,http://www.crtm.es,0,,Europe/Madrid,0
METRO,5,5_6,par_4_78,78,PUEBLO NUEVO,Calle de Alcalá 372,40.43569,-3.6428199999999995,A,http://www.crtm.es,0,est_4_78,Europe/Madrid,0
METRO,5,5_7,par_4_79,79,QUINTANA,Calle de la Virgen del Sagrario 2,40.43358,-3.64736,A,http://www.crtm.es,0,,Europe/Madrid,0
METRO,5,5_8,par_4_80,80,EL CARMEN,Calle de Raquel Méller 2,40.43189,-3.6575699999999998,A,http://www.crtm.es,0,,Europe/Madrid,0
METRO,5,5_9,par_4_28,28,VENTAS,Calle de Alcalá 204,40.43088,-3.6636599999999997,A,http://www.crtm.es,0,est_4_28,Europe/Madrid,0
METRO,5,5_10,par_4_63,63,DIEGO DE LEON,Calle de Diego de León 69,40.43468,-3.67495,A,http://www.crtm.es,0,est_4_63,Europe/Madrid,0
METRO,5,5_11,par_4_83,83,NUNEZ DE BALBOA,Calle de Juan Bravo 20,40.43278,-3.68258,A,http://www.crtm.es,0,est_4_83,Europe/Madrid,0
METRO,5,5_12,par_4_84,84,RUBEN DARIO,Paseo de Eduardo Dato 33,40.43316,-3.68954,A,http://www.crtm.es,0,,Europe/Madrid,0
METRO,5,5_13,par_4_57,57,ALONSO MARTINEZ,Plaza de Alonso Martínez 4,40.42772,-3.6959400000000002,A,http://www.crtm.es,0,est_4_57,Europe/Madrid,0
METRO,5,5_14,par_4_86,86,CHUECA,Plaza de Chueca 7,40.42293,-3.6976199999999997,A,http://www.crtm.es,0,,Europe/Madrid,0
METRO,5,5_15,par_4_11,11,GRAN VIA,Calle   Gran Vía 23,40.42001,-3.7018,A,http://www.crtm.es,0,est_4_11,Europe/Madrid,0
METRO,5,5_16,par_4_49,49,CALLAO,Plaza del Callao 3,40.42014,-3.70566,A,http://www.crtm.es,0,est_4_49,Europe/Madrid,2
METRO,5,5_17,par_4_36,36,OPERA,Plaza de Isabel II 9,40.41809,-3.7094199999999997,A,http://www.crtm.es,0,est_4_36,Europe/Madrid,0
METRO,5,5_18,par_4_90,90,LA LATINA,Calle de San Millán 5,40.41128,-3.70816,A,http://www.crtm.es,0,,Europe/Madrid,0
METRO,5,5_19,par_4_91,91,PUERTA DE TOLEDO,Gta de Puerta de Toledo 1,40.40704,-3.71105,A,http://www.crtm.es,0,,Europe/Madrid,0
METRO,5,5_20,par_4_92,92,ACACIAS,Paseo de las Acacias 20,40.40387,-3.70664,A,http://www.crtm.es,0,,Europe/Madrid,0
METRO,5,5_21,par_4_93,93,PIRAMIDES,Paseo del Doctor Vallejo Nágera 37,40.4026,-3.71138,A,http://www.crtm.es,0,,Europe/Madrid,2
METRO,5,5_22,par_4_94,94,MARQUES DE VADILLO,Gta del Marqués de Vadillo 4,40.39736,-3.71596,A,http://www.crtm.es,0,,Europe/Madrid,0
METRO,5,5_23,par_4_95,95,URGEL,Calle del Camino Viejo de Leganés 1,40.39335,-3.7236,A,http://www.crtm.es,0,,Europe/Madrid,0
METRO,5,5_24,par_4_96,96,OPORTO,Gta del Valle de Oro 13,40.388459999999995,-3.7313199999999997,A,http://www.crtm.es,0,est_4_96,Europe/Madrid,0
METRO,5,5_25,par_4_97,97,VISTA ALEGRE,Calle de la Oca 74,40.38885,-3.73982,A,http://www.crtm.es,0,,Europe/Madrid,0
METRO,5,5_26,par_4_98,98,CARABANCHEL,Gta del Ejército 1,40.38783,-3.7448699999999997,A,http://www.crtm.es,0,,Europe/Madrid,0
METRO,5,5_27,par_4_99,99,EUGENIA DE MONTIJO,Calle de Ocaña 86,40.38439,-3.75121,A,http://www.crtm.es,0,,Europe/Madrid,2
METRO,5,5_28,par_4_100,100,ALUCHE,Calle de Valmojado 293,40.38563,-3.7608,A,http://www.crtm.es,0,est_90_1,,2
METRO,5,5_29,par_4_101,101,EMPALME,Calle de Tembleque 105,40.390570000000004,-3.76535,A,http://www.crtm.es,0,,Europe/Madrid,2
METRO,5,5_30,par_4_102,102,CAMPAMENTO,Avda del Padre Piquer 7,40.39481,-3.76813,A,http://www.crtm.es,0,,Europe/Madrid,0
METRO,5,5_31,par_4_103,103,CASA DE CAMPO,Ctra del Zoo 1,40.403240000000004,-3.7610099999999997,A,http://www.crtm.es,0,est_4_103,Europe/Madrid,2
METRO,6,6_0,par_4_104,104,LAGUNA,Calle de Cuart de Poblet 1,40.399229999999996,-3.7442900000000003,A,http://www.crtm.es,0,,Europe/Madrid,0
METRO,6,6_1,par_4_105,105,CARPETANA,Calle   Vía Carpetana 141,40.3927,-3.74099,A,http://www.crtm.es,0,,Europe/Madrid,0
METRO,6,6_2,par_4_96,96,OPORTO,Gta del Valle de Oro 13,40.388459999999995,-3.7313199999999997,A,http://www.crtm.es,0,est_4_96,Europe/Madrid,0
METRO,6,6_3,par_4_107,107,OPANEL,Calle del Valle de Oro 50 A,40.3869,-3.7231300000000003,A,http://www.crtm.es,0,,Europe/Madrid,0
METRO,6,6_4,par_4_108,108,PLAZA ELIPTICA,Plaza de Fernández Ladreda 2,40.3846,-3.7183699999999997,A,http://www.crtm.es,0,est_90_36,,2
METRO,6,6_5,par_4_109,109,USERA,Calle de Amparo Usera 44,40.3871,-3.7069,A,http://www.crtm.es,0,,Europe/Madrid,0
METRO,6,6_6,par_4_43,43,LEGAZPI,Plaza de Legazpi 2 B,40.39116,-3.6951099999999997,A,http://www.crtm.es,0,est_4_43,Europe/Madrid,2
METRO,6,6_7,par_4_259,259,ARGANZUELA-PLANETARIO,Calle del Bronce 1 A,40.3931,-3.6886400000000004,A,http://www.crtm.es,0,,Europe/Madrid,2
METRO,6,6_8,par_4_111,111,MENDEZ ALVARO,Calle del Ombu 16,40.395379999999996,-3.67814,A,http://www.crtm.es,0,est_90_13,,0
METRO,6,6_9,par_4_18,18,PACIFICO,Avda de la Ciudad de Barcelona 79,40.40126,-3.6751400000000003,A,http://www.crtm.es,0,est_4_18,Europe/Madrid,0
METRO,6,6_10,par_4_113,113,CONDE DE CASAL,Plaza del Conde de Casal 3,40.40697,-3.67041,A,http://www.crtm.es,0,,Europe/Madrid,2
METRO,6,6_11,par_4_114,114,SAINZ DE BARANDA,Calle del Doctor Esquerdo 103,40.41507,-3.66951,A,http://www.crtm.es,0,est_4_114,Europe/Madrid,0
METRO,6,6_12,par_4_115,115,ODONNELL,Calle del Doctor Esquerdo 47,40.42289,-3.6686,A,http://www.crtm.es,0,,Europe/Madrid,0
METRO,6,6_13,par_4_29,29,MANUEL BECERRA,Plaza de Manuel Becerra 1,40.4279,-3.66926,A,http://www.crtm.es,0,est_4_29,Europe/Madrid,0
METRO,6,6_14,par_4_63,63,DIEGO DE LEON,Calle de Diego de León 69,40.43468,-3.67495,A,http://www.crtm.es,0,est_4_63,Europe/Madrid,0
METRO,6,6_15,par_4_64,64,AVENIDA DE AMERICA,Avda de América 9 A,40.43803,-3.6766400000000004,A,http://www.crtm.es,0,est_90_4,,0
METRO,6,6_16,par_4_119,119,REPUBLICA ARGENTINA,Calle de Joaquín Costa 24,40.44379,-3.6840599999999997,A,http://www.crtm.es,0,,Europe/Madrid,0
METRO,6,6_17,par_4_120,120,NUEVOS MINISTERIOS,Calle de Raimundo Fernández Villaverde 67,40.44662,-3.6924099999999997,A,http://www.crtm.es,0,est_90_71,,2
METRO,6,6_18,par_4_6,6,CUATRO CAMINOS,Gta de Cuatro Caminos 2,40.44697,-3.7039699999999995,A,http://www.crtm.es,0,est_4_6,Europe/Madrid,2
METRO,6,6_19,par_4_122,122,GUZMAN EL BUENO,Calle de Guzmán el Bueno 118,40.44637,-3.7122900000000003,A,http://www.crtm.es,0,est_4_122,Europe/Madrid,2
METRO,6,6_20,par_4_123,123,VICENTE ALEIXANDRE,Avda de Gregorio del Amo 4,40.44644,-3.7194300000000005,A,http://www.crtm.es,0,,Europe/Madrid,0
METRO,6,6_21,par_4_124,124,CIUDAD UNIVERSITARIA,Avda  Complutense 1,40.44356,-3.72678,A,http://www.crtm.es,0,,Europe/Madrid,2
METRO,6,6_22,par_4_53,53,MONCLOA,Plaza de la Moncloa 1,40.43502,-3.71945,A,http://www.crtm.es,0,est_90_14,,2
METRO,6,6_23,par_4_52,52,ARGUELLES,Calle de Alberto Aguilera 72,40.430659999999996,-3.71596,A,http://www.crtm.es,0,est_4_52,Europe/Madrid,0
METRO,6,6_24,par_4_127,127,PRINCIPE PIO,Paseo de la Florida 2,40.42107,-3.7203199999999996,A,http://www.crtm.es,0,est_90_18,,1
METRO,6,6_25,par_4_128,128,PUERTA DEL ANGEL,Paseo de Extremadura 26,40.4139,-3.72724,A,http://www.crtm.es,0,,Europe/Madrid,0
METRO,6,6_26,par_4_129,129,ALTO DE EXTREMADURA,Paseo de Extremadura 154,40.409929999999996,-3.73894,A,http://www.crtm.es,0,,Europe/Madrid,0
METRO,6,6_27,par_4_130,130,LUCERO,Calle de las Higueras 47,40.4051,-3.74534,A,http://www.crtm.es,0,,Europe/Madrid,2
METRO,7,7_0,par_4_296,296,HOSPITAL DEL HENARES,Cmno del Tiro SN,40.417609999999996,-3.53453,B1,http://www.crtm.es,0,,Europe/Madrid,2
METRO,7,7_1,par_4_292,292,HENARES,Avda de Algorta 12,40.417770000000004,-3.5271800000000004,B1,http://www.crtm.es,0,,Europe/Madrid,2
METRO,7,7_2,par_4_291,291,JARAMA,Plaza   Guernica 1,40.42295,-3.52549,B1,http://www.crtm.es,0,,Europe/Madrid,2
METRO,7,7_3,par_4_290,290,SAN FERNANDO,Calle de Gonzalo de Córdoba 24,40.424409999999995,-3.5354099999999997,B1,http://www.crtm.es,0,,Europe/Madrid,2
METRO,7,7_4,par_4_289,289,LA RAMBLA,Calle   Honduras 2,40.42514,-3.5479199999999995,B1,http://www.crtm.es,0,,Europe/Madrid,2
METRO,7,7_5,par_4_288,288,COSLADA CENTRAL,Calle del Doctor Fleming 41,40.42374,-3.5611900000000003,B1,http://www.crtm.es,0,,Europe/Madrid,2
METRO,7,7_6,par_4_287,287,BARRIO DEL PUERTO,Avda de España 8,40.4225,-3.5691900000000003,B1,http://www.crtm.es,0,,Europe/Madrid,2
METRO,7,7_7,par_4_286,286,ESTADIO METROPOLITANO,Avda de Arcentales 28,40.43339,-3.60015,A,http://www.crtm.es,0,,Europe/Madrid,2
METRO,7,7_8,par_4_132,132,LAS MUSAS,,40.432990000000004,-3.60788,A,http://www.crtm.es,0,,Europe/Madrid,0
METRO,7,7_9,par_4_133,133,SAN BLAS,,40.42799,-3.6154699999999997,A,http://www.crtm.es,0,,Europe/Madrid,0
METRO,7,7_10,par_4_134,134,SIMANCAS,,40.42799,-3.62572,A,http://www.crtm.es,0,,Europe/Madrid,0
METRO,7,7_11,par_4_135,135,GARCIA NOBLEJAS,,40.42842,-3.6333,A,http://www.crtm.es,0,,Europe/Madrid,0
METRO,7,7_12,par_4_136,136,ASCAO,,40.430209999999995,-3.64106,A,http://www.crtm.es,0,,Europe/Madrid,0
METRO,7,7_13,par_4_78,78,PUEBLO NUEVO,Calle de Alcalá 372,40.43569,-3.6428199999999995,A,http://www.crtm.es,0,est_4_78,Europe/Madrid,0
METRO,7,7_14,par_4_138,138,BARRIO DE LA CONCEPCION,,40.4391,-3.6519999999999997,A,http://www.crtm.es,0,,Europe/Madrid,0
METRO,7,7_15,par_4_139,139,PARQUE DE LAS AVENIDAS,,40.43945,-3.6629699999999996,A,http://www.crtm.es,0,,Europe/Madrid,0
METRO,7,7_16,par_4_140,140,CARTAGENA,,40.43934,-3.67215,A,http://www.crtm.es,0,,Europe/Madrid,0
METRO,7,7_17,par_4_64,64,AVENIDA DE AMERICA,Avda de América 9 A,40.43803,-3.6766400000000004,A,http://www.crtm.es,0,est_90_4,,0
METRO,7,7_18,par_4_142,142,GREGORIO MARANON,Calle de Miguel Ángel 29,40.43825,-3.6914800000000003,A,http://www.crtm.es,0,est_4_142,Europe/Madrid,2
METRO,7,7_19,par_4_143,143,ALONSO CANO,,40.43838,-3.69925,A,http://www.crtm.es,0,,Europe/Madrid,2
METRO,7,7_20,par_4_41,41,CANAL,Calle de Bravo Murillo 40,40.43841,-3.70433,A,http://www.crtm.es,0,est_4_41,Europe/Madrid,2
METRO,7,7_21,par_4_145,145,ISLAS FILIPINAS,,40.43907,-3.7137300000000004,A,http://www.crtm.es,0,,Europe/Madrid,2
METRO,7,7_22,par_4_122,122,GUZMAN EL BUENO,Calle de Guzmán el Bueno 118,40.44637,-3.7122900000000003,A,http://www.crtm.es,0,est_4_122,Europe/Madrid,2
METRO,7,7_23,par_4_147,147,FRANCOS RODRIGUEZ,,40.45648,-3.71239,A,http://www.crtm.es,0,,Europe/Madrid,2
METRO,7,7_24,par_4_148,148,VALDEZARZA,,40.46482,-3.7159699999999996,A,http://www.crtm.es,0,,Europe/Madrid,2
METRO,7,7_25,par_4_149,149,ANTONIO MACHADO,,40.47022,-3.71769,A,http://www.crtm.es,0,,Europe/Madrid,2
METRO,7,7_26,par_4_150,150,PENAGRANDE,,40.47592,-3.71582,A,http://www.crtm.es,0,,Europe/Madrid,0
METRO,7,7_27,par_4_151,151,AVENIDA DE LA ILUSTRACION,,40.4801,-3.7184,A,http://www.crtm.es,0,,Europe/Madrid,2
METRO,7,7_28,par_4_152,152,LACOMA,,40.48502,-3.72305,A,http://www.crtm.es,0,,Europe/Madrid,2
METRO,7,7_29,par_4_153,153,ARROYOFRESNO,,40.4909,-3.7260400000000002,A,http://www.crtm.es,0,,Europe/Madrid,0
METRO,7,7_30,par_4_154,154,PITIS,,40.49511,-3.72589,A,http://www.crtm.es,0,,Europe/Madrid,2
METRO,8,8_0,par_4_120,120,NUEVOS MINISTERIOS,Calle de Raimundo Fernández Villaverde 67,40.44662,-3.6924099999999997,A,http://www.crtm.es,0,est_90_71,,2
METRO,8,8_1,par_4_156,156,COLOMBIA,Calle del Príncipe de Vergara 258,40.456340000000004,-3.6768199999999998,A,http://www.crtm.es,0,est_4_156,Europe/Madrid,2
METRO,8,8_2,par_4_258,258,PINAR DEL REY,Avda de la Gran Vía de Hortaleza 47,40.468,-3.6486699999999996,A,http://www.crtm.es,0,,Europe/Madrid,2
METRO,8,8_3,par_4_71,71,MAR DE CRISTAL,Gta del Mar de Cristal 1 B,40.469429999999996,-3.6383199999999998,A,http://www.crtm.es,0,est_4_71,Europe/Madrid,2
METRO,8,8_4,par_4_158,158,FERIA DE MADRID,Avda del Partenón 5,40.46389,-3.6162,A,http://www.crtm.es,0,,Europe/Madrid,2
METRO,8,8_5,par_4_159,159,AEROPUERTO T1-T2-T3,Avda de la Hispanidad SN,40.46864,-3.56954,A,http://www.crtm.es,0,est_90_34,,2
METRO,8,8_6,par_4_160,160,BARAJAS,Cmno  Viejo de Hortaleza 10,40.475770000000004,-3.58253,A,http://www.crtm.es,0,,Europe/Madrid,2
METRO,8,8_7,par_4_285,285,AEROPUERTO T4,Ctra de Alcobendas a Barajas SN,40.49177,-3.59325,A,http://www.crtm.es,0,est_90_33,,2
METRO,9,9_0,par_4_345,345,PACO DE LUCIA,Calle de Monasterio de Las Huelgas 5,40.49965,-3.70908,,http://www.crtm.es,0,,Europe/Madrid,0
METRO,9,9_1,par_4_326,326,MIRASIERRA,Avda del Ventisquero de la Condesa 28,40.4911,-3.71634,,http://www.crtm.es,0,,Europe/Madrid,0
METRO,9,9_2,par_4_161,161,HERRERA ORIA,Calle de Valencia de Don Juan 1,40.48466,-3.7075099999999996,A,http://www.crtm.es,0,,Europe/Madrid,0
METRO,9,9_3,par_4_162,162,BARRIO DEL PILAR,Calle de Ginzo de Limia 22,40.476890000000004,-3.70316,A,http://www.crtm.es,0,,Europe/Madrid,0
METRO,9,9_4,par_4_163,163,VENTILLA,Avda de Asturias 39,40.469440000000006,-3.6958800000000003,A,http://www.crtm.es,0,,Europe/Madrid,0
METRO,9,9_5,par_4_1,1,PLAZA DE CASTILLA,Paseo de la Castellana 189,40.4669,-3.68917,A,http://www.crtm.es,0,est_90_21,,0
METRO,9,9_6,par_4_165,165,DUQUE DE PASTRANA,Calle de Mateo Inurria 41,40.46763,-3.6791699999999996,A,http://www.crtm.es,0,,Europe/Madrid,0
METRO,9,9_7,par_4_166,166,PIO XII,Avda de Pío XII 27,40.463,-3.67579,A,http://www.crtm.es,0,,Europe/Madrid,0
METRO,9,9_8,par_4_156,156,COLOMBIA,Calle del Príncipe de Vergara 258,40.456340000000004,-3.6768199999999998,A,http://www.crtm.es,0,est_4_156,Europe/Madrid,2
METRO,9,9_9,par_4_168,168,CONCHA ESPINA,Calle del Príncipe de Vergara 210,40.45145,-3.6773800000000003,A,http://www.crtm.es,0,,Europe/Madrid,0
METRO,9,9_10,par_4_169,169,CRUZ DEL RAYO,Calle del Príncipe de Vergara 138,40.44427,-3.67821,A,http://www.crtm.es,0,,Europe/Madrid,0
METRO,9,9_11,par_4_64,64,AVENIDA DE AMERICA,Avda de América 9 A,40.43803,-3.6766400000000004,A,http://www.crtm.es,0,est_90_4,,0
METRO,9,9_12,par_4_83,83,NUNEZ DE BALBOA,Calle de Juan Bravo 20,40.43278,-3.68258,A,http://www.crtm.es,0,est_4_83,Europe/Madrid,0
METRO,9,9_13,par_4_31,31,PRINCIPE DE VERGARA,Calle de Alcalá 123,40.422940000000004,-3.6801199999999996,A,http://www.crtm.es,0,est_4_31,Europe/Madrid,0
METRO,9,9_14,par_4_173,173,IBIZA,Calle de Ibiza 1,40.41839,-3.67858,A,http://www.crtm.es,0,,Europe/Madrid,0
METRO,9,9_15,par_4_114,114,SAINZ DE BARANDA,Calle del Doctor Esquerdo 103,40.41507,-3.66951,A,http://www.crtm.es,0,est_4_114,Europe/Madrid,0
METRO,9,9_16,par_4_175,175,ESTRELLA,Calle del Camino de los Vinateros 1,40.41147,-3.6617900000000003,A,http://www.crtm.es,0,,Europe/Madrid,0
METRO,9,9_17,par_4_176,176,VINATEROS,Calle del Camino de los Vinateros 70,40.41024,-3.6527300000000005,A,http://www.crtm.es,0,,Europe/Madrid,0
METRO,9,9_18,par_4_177,177,ARTILLEROS,Calle del Camino de los Vinateros 210,40.40522,-3.64181,A,http://www.crtm.es,0,,Europe/Madrid,0
METRO,9,9_19,par_4_178,178,PAVONES,Calle de la Hacienda de Pavones 342,40.40051,-3.6351199999999997,A,http://www.crtm.es,0,,Europe/Madrid,0
METRO,9,9_20,par_4_179,179,VALDEBERNARDO,Bulv de Indalecio Prieto 26,40.40005,-3.6215599999999997,A,http://www.crtm.es,0,,Europe/Madrid,2
METRO,9,9_21,par_4_180,180,VICALVARO,Calle de San Cipriano 11,40.40422,-3.60886,A,http://www.crtm.es,0,,Europe/Madrid,2
METRO,9,9_22,par_4_181,181,SAN CIPRIANO,Calle de San Cipriano 68,40.40381,-3.60239,A,http://www.crtm.es,0,,Europe/Madrid,2
METRO,9,9_23,par_4_182,182,PUERTA DE ARGANDA,Calle de San Cipriano 85,40.40132,-3.5959800000000004,A,http://www.crtm.es,0,,Europe/Madrid,2
METRO,9,9_24,par_4_183,183,RIVAS URBANIZACIONES,Plaza de Galicia 5,40.36677,-3.54728,B1,http://www.crtm.es,0,,Europe/Madrid,2
METRO,9,9_25,par_4_300,300,RIVAS FUTURA,Calle   Concepción Arenal 1,40.34134,-3.5247900000000003,B1,http://www.crtm.es,0,,Europe/Madrid,2
METRO,9,9_26,par_4_184,184,RIVAS VACIAMADRID,Calle   Areneros 6,40.32837,-3.5206,B2,http://www.crtm.es,0,,Europe/Madrid,2
METRO,9,9_27,par_4_185,185,LA POVEDA,Parcela   9017 Polígono 1 S/N,40.31902,-3.47745,B3,http://www.crtm.es,0,,Europe/Madrid,2
METRO,9,9_28,par_4_186,186,ARGANDA DEL REY,Paseo de la Estación 37,40.303670000000004,-3.44752,B3,http://www.crtm.es,0,,Europe/Madrid,2
METRO,10,10_0,par_4_284,284,HOSPITAL INFANTA SOFIA,Paseo   Europa 11,40.55977,-3.61145,B1,http://www.crtm.es,0,,Europe/Madrid,2
METRO,10,10_1,par_4_283,283,REYES CATOLICOS,Avda de la Plaza de Toros 7,40.55037,-3.6234,B1,http://www.crtm.es,0,,Europe/Madrid,2
METRO,10,10_2,par_4_282,282,BAUNATAL,Avda de las Lomas del Rey 2,40.55442,-3.63513,B1,http://www.crtm.es,0,,Europe/Madrid,2
METRO,10,10_3,par_4_281,281,MANUEL DE FALLA,Calle   Manuel de Falla 59,40.55048,-3.6468800000000003,B1,http://www.crtm.es,0,,Europe/Madrid,2
METRO,10,10_4,par_4_280,280,MARQUES DE LA VALDAVIA,Calle del Marqués de la Valdavia 21,40.54102,-3.6373800000000003,B1,http://www.crtm.es,0,,Europe/Madrid,2
METRO,10,10_5,par_4_279,279,LA MORALEJA,Avda de la Ermita 5,40.53196,-3.63556,B1,http://www.crtm.es,0,,Europe/Madrid,2
METRO,10,10_6,par_4_278,278,LA GRANJA,Calle de Sepúlveda 1,40.5276,-3.6585900000000002,B1,http://www.crtm.es,0,,Europe/Madrid,2
METRO,10,10_7,par_4_277,277,RONDA DE LA COMUNICACION,Ronda de la Comunicación 22,40.51553,-3.6627699999999996,A,http://www.crtm.es,0,,Europe/Madrid,2
METRO,10,10_8,par_4_276,276,LAS TABLAS,Calle de Palas de Rey 30,40.50833,-3.6694400000000003,A,http://www.crtm.es,0,,Europe/Madrid,2
METRO,10,10_9,par_4_275,275,MONTECARMELO,Avda de Monasterio de Silos 63 A,40.50525,-3.69575,A,http://www.crtm.es,0,,Europe/Madrid,2
METRO,10,10_10,par_4_274,274,TRES OLIVOS,Acces   M-607 SN,40.5012,-3.6952,A,http://www.crtm.es,0,,Europe/Madrid,2
METRO,10,10_11,par_4_187,187,FUENCARRAL,Calle de la Fuente Chica 21,40.495090000000005,-3.6928300000000003,A,http://www.crtm.es,0,,Europe/Madrid,0
METRO,10,10_12,par_4_188,188,BEGONA,Paseo de la Castellana 261,40.48041,-3.68585,A,http://www.crtm.es,0,,Europe/Madrid,0
METRO,10,10_13,par_4_261,261,CHAMARTIN,Calle de Agustín de Foxá 40,40.47203,-3.6825900000000003,A,http://www.crtm.es,0,est_90_25,,2
METRO,10,10_14,par_4_1,1,PLAZA DE CASTILLA,Paseo de la Castellana 189,40.4669,-3.68917,A,http://www.crtm.es,0,est_90_21,,0
METRO,10,10_15,par_4_191,191,CUZCO,Paseo de la Castellana 162,40.458420000000004,-3.68985,A,http://www.crtm.es,0,,Europe/Madrid,0
METRO,10,10_16,par_4_192,192,SANTIAGO BERNABEU,Paseo de la Castellana 97,40.45159,-3.69038,A,http://www.crtm.es,0,,Europe/Madrid,0
METRO,10,10_17,par_4_120,120,NUEVOS MINISTERIOS,Calle de Raimundo Fernández Villaverde 67,40.44662,-3.6924099999999997,A,http://www.crtm.es,0,est_90_71,,2
METRO,10,10_18,par_4_142,142,GREGORIO MARANON,Calle de Miguel Ángel 29,40.43825,-3.6914800000000003,A,http://www.crtm.es,0,est_4_142,Europe/Madrid,2
METRO,10,10_19,par_4_57,57,ALONSO MARTINEZ,Plaza de Alonso Martínez 4,40.42772,-3.6959400000000002,A,http://www.crtm.es,0,est_4_57,Europe/Madrid,0
METRO,10,10_20,par_4_10,10,TRIBUNAL,Calle de Fuencarral 81,40.426190000000005,-3.7011,A,http://www.crtm.es,0,est_4_10,Europe/Madrid,0
METRO,10,10_21,par_4_50,50,PLAZA DE ESPANA,Plaza de España 1,40.42342,-3.7112,A,http://www.crtm.es,0,est_4_50,Europe/Madrid,2
METRO,10,10_22,par_4_127,127,PRINCIPE PIO,Paseo de la Florida 2,40.42107,-3.7203199999999996,A,http://www.crtm.es,0,est_90_18,,1
METRO,10,10_23,par_4_199,199,LAGO,Ronda del Lago 3,40.41641,-3.7356300000000005,A,http://www.crtm.es,0,,Europe/Madrid,2
METRO,10,10_24,par_4_200,200,BATAN,Paseo de la Venta 1,40.40786,-3.75311,A,http://www.crtm.es,0,,Europe/Madrid,2
METRO,10,10_25,par_4_103,103,CASA DE CAMPO,Ctra del Zoo 1,40.403240000000004,-3.7610099999999997,A,http://www.crtm.es,0,est_4_103,Europe/Madrid,2
METRO,10,10_26,par_4_202,202,COLONIA JARDIN,Calle de Arenas de San Pedro 2,40.39698,-3.7746199999999996,A,http://www.crtm.es,0,,Europe/Madrid,2
METRO,10,10_27,par_4_257,257,AVIACION ESPANOLA,Paseo de Extremadura 463,40.38364,-3.7839199999999997,A,http://www.crtm.es,0,,Europe/Madrid,2
METRO,10,10_28,par_4_203,203,CUATRO VIENTOS,Col   Militar de Cuatro Vientos 6 B,40.37771,-3.79152,A,http://www.crtm.es,0,,Europe/Madrid,2
METRO,10,10_29,par_4_204,204,JOAQUIN VILUMBRALES,Avda de la Libertad 13,40.34985,-3.8072,B1,http://www.crtm.es,0,,Europe/Madrid,2
METRO,10,10_30,par_4_205,205,PUERTA DEL SUR,Avda de la Libertad 2,40.345240000000004,-3.8121099999999997,B1,http://www.crtm.es,0,est_4_205,Europe/Madrid,2
METRO,11,11_0,par_4_108,108,PLAZA ELIPTICA,Plaza de Fernández Ladreda 2,40.3846,-3.7183699999999997,A,http://www.crtm.es,0,est_90_36,,2
METRO,11,11_1,par_4_207,207,ABRANTES,Avda de Abrantes 77,40.380829999999996,-3.7279,A,http://www.crtm.es,0,,Europe/Madrid,2
METRO,11,11_2,par_4_208,208,PAN BENDITO,Avda de Abrantes 289,40.37587,-3.7341699999999998,A,http://www.crtm.es,0,,Europe/Madrid,2
METRO,11,11_3,par_4_254,254,SAN FRANCISCO,Avda de los Poblados 102,40.3736,-3.7391,A,http://www.crtm.es,0,,Europe/Madrid,2
METRO,11,11_4,par_4_255,255,CARABANCHEL ALTO,Avda de Carabanchel Alto 40,40.372,-3.7519099999999996,A,http://www.crtm.es,0,,Europe/Madrid,2
METRO,11,11_5,par_4_256,256,LA PESETA,Calle de Salvador Allende 3,40.36422,-3.7569,A,http://www.crtm.es,0,,Europe/Madrid,2
METRO,11,11_6,par_4_305,305,LA FORTUNA,Calle   San José 40,40.35795,-3.7778300000000002,,http://www.crtm.es,0,,Europe/Madrid,0
METRO,12,12_0,par_4_205,205,PUERTA DEL SUR,Avda de la Libertad 2,40.345240000000004,-3.8121099999999997,B1,http://www.crtm.es,0,est_4_205,Europe/Madrid,2
METRO,12,12_1,par_4_210,210,PARQUE LISBOA,Calle de Porto Lagos 7,40.34969,-3.8212,B1,http://www.crtm.es,0,,Europe/Madrid,2
METRO,12,12_2,par_4_211,211,ALCORCON CENTRAL,Avda de Móstoles 12,40.35008,-3.83178,B1,http://www.crtm.es,0,,Europe/Madrid,2
METRO,12,12_3,par_4_212,212,PARQUE OESTE,Calle de Estambul 5,40.345890000000004,-3.84934,B1,http://www.crtm.es,0,,Europe/Madrid,2
METRO,12,12_4,par_4_213,213,UNIVERSIDAD REY JUAN CARLOS,Calle   Tulipán 2,40.33512,-3.87218,B2,http://www.crtm.es,0,,Europe/Madrid,2
METRO,12,12_5,par_4_214,214,MOSTOLES CENTRAL,Paseo de la Estación 13,40.3285,-3.86354,B2,http://www.crtm.es,0,,Europe/Madrid,2
METRO,12,12_6,par_4_215,215,PRADILLO,Calle de Agustina de Aragón 23,40.32168,-3.86489,B2,http://www.crtm.es,0,,Europe/Madrid,2
METRO,12,12_7,par_4_216,216,HOSPITAL DE MOSTOLES,Calle del Río Sella 10,40.316520000000004,-3.87471,B2,http://www.crtm.es,0,,Europe/Madrid,2
METRO,12,12_8,par_4_217,217,MANUELA MALASANA,Plaza   Sol de 9001 SN,40.30903,-3.8640199999999996,B2,http://www.crtm.es,0,,Europe/Madrid,2
METRO,12,12_9,par_4_218,218,LORANCA,Calle de la Alegría 4,40.29681,-3.83768,B2,http://www.crtm.es,0,,Europe/Madrid,2
METRO,12,12_10,par_4_219,219,HOSPITAL DE FUENLABRADA,Cmno del Molino 3,40.285759999999996,-3.81642,B2,http://www.crtm.es,0,,Europe/Madrid,2
METRO,12,12_11,par_4_220,220,PARQUE EUROPA,Calle de Francia 34,40.28518,-3.80632,B2,http://www.crtm.es,0,,Europe/Madrid,2
METRO,12,12_12,par_4_221,221,FUENLABRADA CENTRAL,Calle de la Vía SN,40.28268,-3.79891,B2,http://www.crtm.es,0,,Europe/Madrid,2
METRO,12,12_13,par_4_222,222,PARQUE DE LOS ESTADOS,Calle de Venezuela 2,40.286840000000005,-3.7869699999999997,B2,http://www.crtm.es,0,,Europe/Madrid,2
METRO,12,12_14,par_4_223,223,ARROYO CULEBRO,Paseo de Juan José Rosón 1,40.288740000000004,-3.75682,B1,http://www.crtm.es,0,,Europe/Madrid,2
METRO,12,12_15,par_4_224,224,CONSERVATORIO,Avda de las Arcas del Agua 5,40.293240000000004,-3.7457599999999998,B1,http://www.crtm.es,0,,Europe/Madrid,2
METRO,12,12_16,par_4_225,225,ALONSO DE MENDOZA,Calle del Greco 6,40.30081,-3.73664,B1,http://www.crtm.es,0,,Europe/Madrid,2
METRO,12,12_17,par_4_226,226,GETAFE CENTRAL,Calle  Ferrocarril 2,40.30993,-3.73403,B1,http://www.crtm.es,0,,Europe/Madrid,2
METRO,12,12_18,par_4_227,227,JUAN DE LA CIERVA,Avda de España 20,40.3118,-3.72224,B1,http://www.crtm.es,0,,Europe/Madrid,2
METRO,12,12_19,par_4_228,228,EL CASAR,Avda del Casar 2,40.31862,-3.70985,B1,http://www.crtm.es,0,,Europe/Madrid,2
METRO,12,12_20,par_4_229,229,LOS ESPARTALES,Avda   Rigoberta Menchú 3,40.32423,-3.7182,B1,http://www.crtm.es,0,,Europe/Madrid,2
METRO,12,12_21,par_4_230,230,EL BERCIAL,Avda   Comandante José Manuel Ripollés 4,40.32907,-3.7296300000000002,B1,http://www.crtm.es,0,,Europe/Madrid,2
METRO,12,12_22,par_4_231,231,EL CARRASCAL,Avda   Rey Juan Carlos I 85,40.33664,-3.7401800000000005,B1,http://www.crtm.es,0,,Europe/Madrid,2
METRO,12,12_23,par_4_232,232,JULIAN BESTEIRO,Avda   Rey Juan Carlos I 23 A,40.33475,-3.7526599999999997,B1,http://www.crtm.es,0,,Europe/Madrid,2
METRO,12,12_24,par_4_233,233,CASA DEL RELOJ,Avda   Gibraltar 11,40.3266,-3.7594199999999995,B1,http://www.crtm.es,0,,Europe/Madrid,2
METRO,12,12_25,par_4_234,234,HOSPITAL SEVERO OCHOA,Avda   Orellana 3,40.32177,-3.7679699999999996,B1,http://www.crtm.es,0,,Europe/Madrid,2
METRO,12,12_26,par_4_235,235,LEGANES CENTRAL,Calle  Virgen del Camino 1,40.328990000000005,-3.7715400000000003,B1,http://www.crtm.es,0,,Europe/Madrid,2
METRO,12,12_27,par_4_236,236,SAN NICASIO,Avda   Mar Mediterráneo SN,40.33616,-3.77587,B1,http://www.crtm.es,0,,Europe/Madrid,2
METRO,R,R_0,par_4_36,36,OPERA,Plaza de Isabel II 9,40.41809,-3.7094199999999997,A,http://www.crtm.es,0,est_4_36,Europe/Madrid,0
METRO,R,R_1,par_4_127,127,PRINCIPE PIO,Paseo de la Florida 2,40.42107,-3.7203199999999996,A,http://www.crtm.es,0,est_90_18,,1
ML,1,1_0,par_10_1,1,PINAR DE CHAMARTIN,,40.480140000000006,-3.66684,A,http://www.crtm.es,0,,Europe/Madrid,2
ML,1,1_1,par_10_2,2,FUENTE DE LA MORA,,40.48482,-3.66325,A,http://www.crtm.es,0,,Europe/Madrid,2
ML,1,1_2,par_10_3,3,VIRGEN DEL CORTIJO,,40.48734,-3.6609800000000003,A,http://www.crtm.es,0,,Europe/Madrid,2
ML,1,1_3,par_10_4,4,ANTONIO SAURA,,40.485459999999996,-3.6535300000000004,A,http://www.crtm.es,0,,Europe/Madrid,2
ML,1,1_4,par_10_5,5,ALVAREZ DE VILLAAMIL,,40.48905,-3.65136,A,http://www.crtm.es,0,,Europe/Madrid,2
ML,1,1_5,par_10_6,6,BLASCO IBANEZ,,40.49368,-3.65584,A,http://www.crtm.es,0,,Europe/Madrid,2
ML,1,1_6,par_10_7,7,MARIA TUDOR,,40.497170000000004,-3.65889,A,http://www.crtm.es,0,,Europe/Madrid,2
ML,1,1_7,par_10_8,8,PALAS DE REY,,40.50544,-3.6650699999999996,A,http://www.crtm.es,0,,Europe/Madrid,2
ML,1,1_8,par_10_9,9,LAS TABLAS,,40.50824,-3.66932,A,http://www.crtm.es,0,,Europe/Madrid,2
ML,2,2_0,par_10_10,10,COLONIA JARDIN,,40.39698,-3.7745599999999997,A,http://www.crtm.es,0,est_10_10,Europe/Madrid,2
ML,2,2_1,par_10_11,11,PRADO DE LA VEGA,,40.4023,-3.7812099999999997,B1,http://www.crtm.es,0,,Europe/Madrid,2
ML,2,2_2,par_10_12,12,COLONIA DE LOS ANGELES,,40.40721,-3.7844,B1,http://www.crtm.es,0,,Europe/Madrid,2
ML,2,2_3,par_10_13,13,PRADO DEL REY,,40.410470000000004,-3.7874800000000004,B1,http://www.crtm.es,0,,Europe/Madrid,2
ML,2,2_4,par_10_14,14,SOMOSAGUAS SUR,,40.41536,-3.7925199999999997,B1,http://www.crtm.es,0,,Europe/Madrid,2
ML,2,2_5,par_10_15,15,SOMOSAGUAS CENTRO,,40.41937,-3.79874,B1,http://www.crtm.es,0,,Europe/Madrid,2
ML,2,2_6,par_10_16,16,POZUELO OESTE,,40.42307,-3.80447,B1,http://www.crtm.es,0,,Europe/Madrid,2
ML,2,2_7,par_10_18,18,BELGICA,,40.43058,-3.80755,B1,http://www.crtm.es,0,,Europe/Madrid,2
ML,2,2_8,par_10_19,19,DOS CASTILLAS,,40.43253,-3.8016199999999998,B1,http://www.crtm.es,0,,Europe/Madrid,2
ML,2,2_9,par_10_20,20,CAMPUS DE SOMOSAGUAS,,40.43338,-3.79525,B1,http://www.crtm.es,0,,Europe/Madrid,2
ML,2,2_10,par_10_21,21,AVENIDA DE EUROPA,,40.43931,-3.79305,B1,http://www.crtm.es,0,,Europe/Madrid,2
ML,2,2_11,par_10_22,22,BERNA,,40.44487,-3.7912,B1,http://www.crtm.es,0,,Europe/Madrid,2
ML,2,2_12,par_10_23,23,ESTACION DE ARAVACA,,40.44833,-3.78591,A,http://www.crtm.es,0,,Europe/Madrid,2
ML,3,3_0,par_10_10,10,COLONIA JARDIN,,40.39698,-3.7745599999999997,A,http://www.crtm.es,0,est_10_10,Europe/Madrid,2
ML,3,3_1,par_10_25,25,CIUDAD DE LA IMAGEN,,40.397090000000006,-3.78399,B1,http://www.crtm.es,0,,Europe/Madrid,2
ML,3,3_2,par_10_26,26,JOSE ISBERT,,40.39525,-3.7899300000000005,B1,http://www.crtm.es,0,,Europe/Madrid,2
ML,3,3_3,par_10_27,27,CIUDAD DEL CINE,,40.39455,-3.7955699999999997,B1,http://www.crtm.es,0,,Europe/Madrid,2
ML,3,3_4,par_10_39,39,COCHERAS,,40.396879999999996,-3.80386,B1,http://www.crtm.es,0,,Europe/Madrid,2
ML,3,3_5,par_10_28,28,RETAMARES,,40.398720000000004,-3.81675,B1,http://www.crtm.es,0,,Europe/Madrid,2
ML,3,3_6,par_10_29,29,MONTEPRINCIPE,,40.39792,-3.8358,B1,http://www.crtm.es,0,,Europe/Madrid,2
ML,3,3_7,par_10_30,30,VENTORRO DEL CANO,,40.3942,-3.83811,B1,http://www.crtm.es,0,,Europe/Madrid,2
ML,3,3_8,par_10_31,31,PRADO DEL ESPINO,,40.39502,-3.84774,B2,http://www.crtm.es,0,,Europe/Madrid,2
ML,3,3_9,par_10_32,32,CANTABRIA,,40.39529,-3.86439,B2,http://www.crtm.es,0,,Europe/Madrid,2
ML,3,3_10,par_10_33,33,FERIAL DE BOADILLA,,40.401959999999995,-3.8793800000000003,B2,http://www.crtm.es,0,,Europe/Madrid,2
ML,3,3_11,par_10_34,34,BOADILLA CENTRO,,40.407140000000005,-3.88004,B2,http://www.crtm.es,0,,Europe/Madrid,2
ML,3,3_12,par_10_35,35,NUEVO MUNDO,,40.405640000000005,-3.88576,B2,http://www.crtm.es,0,,Europe/Madrid,2
ML,3,3_13,par_10_36,36,SIGLO XXI,,40.40513,-3.8926300000000005,B2,http://www.crtm.es,0,,Europe/Madrid,2
ML,3,3_14,par_10_37,37,INFANTE DON LUIS,,40.40595,-3.89741,B2,http://www.crtm.es,0,,Europe/Madrid,2
ML,3,3_15,par_10_38,38,PUERTA DE BOADILLA,,40.40777,-3.9037800000000002,B2,http://www.crtm.es,0,,Europe/Madrid,2
ML,4,4_0,par_10_64,64,ESTRELLA POLAR NORTE,,40.23015,-3.75112,B2,http://www.crtm.es,0,,Europe/Madrid,2
ML,4,4_1,par_10_65,65,ESTRELLA POLAR SUR,,40.23072,-3.7538300000000002,B2,http://www.crtm.es,0,,Europe/Madrid,2
ML,4,4_2,par_10_66,66,JAIME I NORTE,,40.234140000000004,-3.74969,B2,http://www.crtm.es,0,,Europe/Madrid,2
ML,4,4_3,par_10_67,67,JAIME I SUR,,40.2347,-3.7524,B2,http://www.crtm.es,0,,Europe/Madrid,2
ML,4,4_4,par_10_68,68,POLIGONO INDUSTRIAL CIUDAD DE PARLA,,40.23867,-3.75045,B2,http://www.crtm.es,0,,Europe/Madrid,2
ML,4,4_5,par_10_50,50,PLAZA DE TOROS,,40.2441,-3.75756,B2,http://www.crtm.es,0,,Europe/Madrid,2
ML,4,4_6,par_10_51,51,JULIO ROMERO DE TORRES,,40.24535,-3.76232,B2,http://www.crtm.es,0,,Europe/Madrid,2
ML,4,4_7,par_10_52,52,LA BALLENA,,40.24599,-3.76635,B2,http://www.crtm.es,0,,Europe/Madrid,2
ML,4,4_8,par_10_53,53,PARLA CENTRO-BULEVAR NORTE,,40.240790000000004,-3.76954,B2,http://www.crtm.es,0,,Europe/Madrid,2
ML,4,4_9,par_10_54,54,IGLESIA CENTRO,,40.23771,-3.7705900000000003,B2,http://www.crtm.es,0,,Europe/Madrid,2
ML,4,4_10,par_10_55,55,BULEVAR SUR,,40.23473,-3.77236,B2,http://www.crtm.es,0,,Europe/Madrid,2
ML,4,4_11,par_10_56,56,REYES CATOLICOS,,40.23141,-3.77,B2,http://www.crtm.es,0,,Europe/Madrid,2
ML,4,4_12,par_10_57,57,ISABEL II,,40.23114,-3.76508,B2,http://www.crtm.es,0,,Europe/Madrid,2
ML,4,4_13,par_10_58,58,PARQUE PARLA ESTE,,40.228159999999995,-3.7614699999999996,B2,http://www.crtm.es,0,,Europe/Madrid,2
ML,4,4_14,par_10_59,59,AVENIDA SISTEMA SOLAR,,40.22343,-3.7607199999999996,B2,http://www.crtm.es,0,,Europe/Madrid,2
ML,4,4_15,par_10_60,60,TIERRA NORTE,,40.22195,-3.75406,B2,http://www.crtm.es,0,,Europe/Madrid,2
ML,4,4_16,par_10_61,61,TIERRA SUR,,40.22254,-3.75675,B2,http://www.crtm.es,0,,Europe/Madrid,2
ML,4,4_17,par_10_62,62,VENUS NORTE,,40.22627,-3.75251,B2,http://www.crtm.es,0,,Europe/Madrid,2
ML,4,4_18,par_10_63,63,VENUS SUR,,40.22683,-3.7552199999999996,B2,http://www.crtm.es,0,,Europe/Madrid,2
CR,C1,C1_0,par_5_61,61,PRINCIPE PIO,,40.4210790188043,-3.7201723106450295,A,http://www.crtm.es,0,est_90_18,,0
CR,C1,C1_1,par_5_57,57,PIRAMIDES,,40.4026028948529,-3.71124315951466,A,http://www.crtm.es,0,,Europe/Madrid,1
CR,C1,C1_2,par_5_25,25,DELICIAS,,40.400382320912,-3.6926718217550896,A,http://www.crtm.es,0,,Europe/Madrid,1
CR,C1,C1_3,par_5_46,46,MENDEZ ALVARO,,40.3953883033481,-3.6779860250306404,A,http://www.crtm.es,0,est_90_13,,1
CR,C1,C1_4,par_5_11,11,ATOCHA,,40.4066011651398,-3.6892118408395898,A,http://www.crtm.es,0,est_90_54,,2
CR,C1,C1_5,par_5_65,65,RECOLETOS,,40.423420623761295,-3.6907626799938704,A,http://www.crtm.es,0,,Europe/Madrid,0
CR,C1,C1_6,par_5_51,51,NUEVOS MINISTERIOS,,40.4466277031815,-3.6922501798623597,A,http://www.crtm.es,0,est_90_71,,2
CR,C1,C1_7,par_5_18,18,CHAMARTIN,,40.4721094623497,-3.68237859937536,A,http://www.crtm.es,0,est_90_25,,2
CR,C1,C1_8,par_5_133,133,FUENTE DE LA MORA,,40.4847551076476,-3.66273198940419,A,http://www.crtm.es,0,,Europe/Madrid,2
CR,C1,C1_9,par_5_144,144,VALDEBEBAS,,40.4823091642411,-3.61634057588727,A,http://www.crtm.es,0,,Europe/Madrid,2
CR,C1,C1_10,par_5_142,142,AEROPUERTO T4,,40.4917812474987,-3.59324027187479,A,http://www.crtm.es,0,est_90_33,,2
CR,C2,C2_0,par_5_38,38,GUADALAJARA,,40.6440936102746,-3.18230377067774,C2,http://www.crtm.es,0,,Europe/Madrid,0
CR,C2,C2_1,par_5_12,12,AZUQUECA,,40.5610431126363,-3.26537808007204,C1,http://www.crtm.es,0,,Europe/Madrid,1
CR,C2,C2_2,par_5_45,45,MECO,,40.534629296321,-3.29857120296861,C1,http://www.crtm.es,0,,Europe/Madrid,0
CR,C2,C2_3,par_5_3,3,ALCALA DE HENARES UNIVERSIDAD,,40.5053487667517,-3.33532393016683,B3,http://www.crtm.es,0,,Europe/Madrid,0
CR,C2,C2_4,par_5_2,2,ALCALA DE HENARES,,40.489038872521206,-3.36625200624717,B3,http://www.crtm.es,0,,Europe/Madrid,0
CR,C2,C2_5,par_5_106,106,LA GARENA,,40.480446323851105,-3.3930812823770804,B3,http://www.crtm.es,0,,Europe/Madrid,1
CR,C2,C2_6,par_5_143,143,SOTO DEL HENARES,,40.463542902172996,-3.44124824645267,B2,http://www.crtm.es,0,,Europe/Madrid,0
CR,C2,C2_7,par_5_81,81,TORREJON DE ARDOZ,,40.454614888402,-3.4797310604898,B2,http://www.crtm.es,0,,Europe/Madrid,0
CR,C2,C2_8,par_5_71,71,SAN FERNANDO,,40.4426754342948,-3.5337569967628504,B1,http://www.crtm.es,0,,Europe/Madrid,0
CR,C2,C2_9,par_5_22,22,COSLADA,,40.4237445026866,-3.56105002582089,B1,http://www.crtm.es,0,,Europe/Madrid,1
CR,C2,C2_10,par_5_90,90,VICALVARO,,40.40132727162921,-3.59583931493827,A,http://www.crtm.es,0,,Europe/Madrid,0
CR,C2,C2_11,par_5_75,75,SANTA EUGENIA,,40.386997622806604,-3.6089673976787697,A,http://www.crtm.es,0,,Europe/Madrid,0
CR,C2,C2_12,par_5_87,87,VALLECAS,,40.3822212818191,-3.6244633059562896,A,http://www.crtm.es,0,,Europe/Madrid,1
CR,C2,C2_13,par_5_59,59,EL POZO,,40.3759107464157,-3.6561396279574705,A,http://www.crtm.es,0,,Europe/Madrid,0
CR,C2,C2_14,par_5_10,10,ASAMBLEA DE MADRID-ENTREVIAS,,40.381681158248604,-3.66791743399165,A,http://www.crtm.es,0,,Europe/Madrid,0
CR,C2,C2_15,par_5_11,11,ATOCHA,,40.4066011651398,-3.6892118408395898,A,http://www.crtm.es,0,est_90_54,,2
CR,C2,C2_16,par_5_65,65,RECOLETOS,,40.423420623761295,-3.6907626799938704,A,http://www.crtm.es,0,,Europe/Madrid,0
CR,C2,C2_17,par_5_51,51,NUEVOS MINISTERIOS,,40.4466277031815,-3.6922501798623597,A,http://www.crtm.es,0,est_90_71,,2
CR,C2,C2_18,par_5_18,18,CHAMARTIN,,40.4721094623497,-3.68237859937536,A,http://www.crtm.es,0,est_90_25,,2
CR,C3,C3_0,par_5_8,8,ARANJUEZ,,40.0348477748241,-3.61821249344168,C1,http://www.crtm.es,0,,Europe/Madrid,0
CR,C3,C3_1,par_5_19,19,CIEMPOZUELOS,,40.1590780625469,-3.60993229369721,B3,http://www.crtm.es,0,,Europe/Madrid,0
CR,C3,C3_2,par_5_86,86,VALDEMORO,,40.1960570665724,-3.66471800184914,B3,http://www.crtm.es,0,,Europe/Madrid,2
CR,C3,C3_3,par_5_56,56,PINTO,,40.2428012031304,-3.70364259838166,B2,http://www.crtm.es,0,,Europe/Madrid,0
CR,C3,C3_4,par_5_35,35,GETAFE INDUSTRIAL,,40.305489829189895,-3.7075993552501,B1,http://www.crtm.es,0,,Europe/Madrid,0
CR,C3,C3_5,par_5_103,103,EL CASAR,,40.3184768004104,-3.7097475447627097,B1,http://www.crtm.es,0,,Europe/Madrid,2
CR,C3,C3_6,par_5_70,70,SAN CRISTOBAL INDUSTRIAL,,40.3319230119497,-3.69862254904323,A,http://www.crtm.es,0,,Europe/Madrid,1
CR,C3,C3_7,par_5_69,69,SAN CRISTOBAL DE LOS ANGELES,,40.342372290069605,-3.6837539734577502,A,http://www.crtm.es,0,,Europe/Madrid,2
CR,C3,C3_8,par_5_93,93,VILLAVERDE BAJO,,40.3526507971254,-3.6838931087357905,A,http://www.crtm.es,0,,Europe/Madrid,2
CR,C3,C3_9,par_5_11,11,ATOCHA,,40.4066011651398,-3.6892118408395898,A,http://www.crtm.es,0,est_90_54,,2
CR,C3,C3_10,par_5_122,122,SOL,,40.4168514100817,-3.7030009543679907,A,http://www.crtm.es,0,est_90_58,,0
CR,C3,C3_11,par_5_51,51,NUEVOS MINISTERIOS,,40.4466277031815,-3.6922501798623597,A,http://www.crtm.es,0,est_90_71,,2
CR,C3,C3_12,par_5_18,18,CHAMARTIN,,40.4721094623497,-3.68237859937536,A,http://www.crtm.es,0,est_90_25,,2
CR,C3a,C3a_0,par_5_8,8,ARANJUEZ,,40.0348477748241,-3.61821249344168,C1,http://www.crtm.es,0,,Europe/Madrid,0
CR,C3a,C3a_1,par_5_19,19,CIEMPOZUELOS,,40.1590780625469,-3.60993229369721,B3,http://www.crtm.es,0,,Europe/Madrid,0
CR,C3a,C3a_2,par_5_86,86,VALDEMORO,,40.1960570665724,-3.66471800184914,B3,http://www.crtm.es,0,,Europe/Madrid,2
CR,C3a,C3a_3,par_5_56,56,PINTO,,40.2428012031304,-3.70364259838166,B2,http://www.crtm.es,0,,Europe/Madrid,0
CR,C3a,C3a_4,par_5_35,35,GETAFE INDUSTRIAL,,40.305489829189895,-3.7075993552501,B1,http://www.crtm.es,0,,Europe/Madrid,0
CR,C3a,C3a_5,par_5_103,103,EL CASAR,,40.3184768004104,-3.7097475447627097,B1,http://www.crtm.es,0,,Europe/Madrid,2
CR,C3a,C3a_6,par_5_70,70,SAN CRISTOBAL INDUSTRIAL,,40.3319230119497,-3.69862254904323,A,http://www.crtm.es,0,,Europe/Madrid,1
CR,C3a,C3a_7,par_5_69,69,SAN CRISTOBAL DE LOS ANGELES,,40.342372290069605,-3.6837539734577502,A,http://www.crtm.es,0,,Europe/Madrid,2
CR,C3a,C3a_8,par_5_93,93,VILLAVERDE BAJO,,40.3526507971254,-3.6838931087357905,A,http://www.crtm.es,0,,Europe/Madrid,2
CR,C3a,C3a_9,par_5_11,11,ATOCHA,,40.4066011651398,-3.6892118408395898,A,http://www.crtm.es,0,est_90_54,,2
CR,C3a,C3a_10,par_5_122,122,SOL,,40.4168514100817,-3.7030009543679907,A,http://www.crtm.es,0,est_90_58,,0
CR,C3a,C3a_11,par_5_51,51,NUEVOS MINISTERIOS,,40.4466277031815,-3.6922501798623597,A,http://www.crtm.es,0,est_90_71,,2
CR,C3a,C3a_12,par_5_18,18,CHAMARTIN,,40.4721094623497,-3.68237859937536,A,http://www.crtm.es,0,est_90_25,,2
CR,C3a,C3a_13,par_5_64,64,RAMON Y CAJAL,,40.4882522939954,-3.6946481959126496,A,http://www.crtm.es,0,,Europe/Madrid,0
CR,C3a,C3a_14,par_5_145,145,MIRASIERRA-PACO DE LUCIA,,40.4997,-3.7091,A,http://www.crtm.es,0,,Europe/Madrid,0
CR,C3a,C3a_15,par_5_58,58,PITIS,,40.495115042597604,-3.72575435236588,A,http://www.crtm.es,0,,Europe/Madrid,1
CR,C3a,C3a_16,par_5_55,55,PINAR DE LAS ROZAS,,40.5223060941516,-3.8820657658893998,B2,http://www.crtm.es,0,,Europe/Madrid,0
CR,C3a,C3a_17,par_5_44,44,LAS MATAS,,40.5525253841785,-3.8967411356931203,B2,http://www.crtm.es,0,,Europe/Madrid,1
CR,C3a,C3a_18,par_5_82,82,TORRELODONES,,40.574513990894,-3.95644911190209,B3,http://www.crtm.es,0,,Europe/Madrid,1
CR,C3a,C3a_19,par_5_33,33,GALAPAGAR-LA NAVATA,,40.6001201927881,-3.98176360815813,B3,http://www.crtm.es,0,,Europe/Madrid,0
CR,C3a,C3a_20,par_5_91,91,VILLALBA,,40.6263702008332,-4.00800585940991,B3,http://www.crtm.es,0,,Europe/Madrid,1
CR,C3a,C3a_21,par_5_74,74,SAN YAGO,,40.6178702391272,-4.03101363862753,C1,http://www.crtm.es,0,,Europe/Madrid,0
CR,C3a,C3a_22,par_5_96,96,LAS ZORRERAS,,40.6094209154972,-4.045966653208771,C1,http://www.crtm.es,0,,Europe/Madrid,0
CR,C3a,C3a_23,par_5_29,29,EL ESCORIAL,,40.585275313349705,-4.13223833076811,C1,http://www.crtm.es,0,,Europe/Madrid,1
CR,C3a,C3a_24,par_5_94,94,ZARZALEJO,,40.538728000000006,-4.15817,C2,http://www.crtm.es,0,,Europe/Madrid,0
CR,C3a,C3a_25,par_5_67,67,ROBLEDO DE CHAVELA,,40.52078,-4.24671,C2,http://www.crtm.es,0,,Europe/Madrid,0
CR,C3a,C3a_26,par_5_76,76,SANTA MARIA DE LA ALAMEDA,,40.56892,-4.26933,C2,http://www.crtm.es,0,,Europe/Madrid,0
CR,C4a,C4a_0,par_5_53,53,PARLA,,40.240779939933894,-3.7692684670888297,B2,http://www.crtm.es,0,,Europe/Madrid,2
CR,C4a,C4a_1,par_5_36,36,GETAFE SECTOR 3,,40.2882594725019,-3.73724253672422,B1,http://www.crtm.es,0,,Europe/Madrid,2
CR,C4a,C4a_2,par_5_34,34,GETAFE CENTRO,,40.3101101574552,-3.7338437082439397,B1,http://www.crtm.es,0,,Europe/Madrid,2
CR,C4a,C4a_3,par_5_43,43,LAS MARGARITAS-UNIVERSIDAD,,40.323052580859,-3.7272864336254306,B1,http://www.crtm.es,0,,Europe/Madrid,2
CR,C4a,C4a_4,par_5_92,92,VILLAVERDE ALTO,,40.3412389095586,-3.71183451015835,A,http://www.crtm.es,0,,Europe/Madrid,2
CR,C4a,C4a_5,par_5_93,93,VILLAVERDE BAJO,,40.3526507971254,-3.6838931087357905,A,http://www.crtm.es,0,,Europe/Madrid,2
CR,C4a,C4a_6,par_5_11,11,ATOCHA,,40.4066011651398,-3.6892118408395898,A,http://www.crtm.es,0,est_90_54,,2
CR,C4a,C4a_7,par_5_122,122,SOL,,40.4168514100817,-3.7030009543679907,A,http://www.crtm.es,0,est_90_58,,0
CR,C4a,C4a_8,par_5_51,51,NUEVOS MINISTERIOS,,40.4466277031815,-3.6922501798623597,A,http://www.crtm.es,0,est_90_71,,2
CR,C4a,C4a_9,par_5_18,18,CHAMARTIN,,40.4721094623497,-3.68237859937536,A,http://www.crtm.es,0,est_90_25,,2
CR,C4a,C4a_10,par_5_31,31,FUENCARRAL,,40.5015691134975,-3.68225218377436,A,http://www.crtm.es,0,,Europe/Madrid,2
CR,C4a,C4a_11,par_5_15,15,CANTOBLANCO UNIVERSIDAD,,40.5437936933619,-3.70025235112853,B1,http://www.crtm.es,0,,Europe/Madrid,2
CR,C4a,C4a_12,par_5_84,84,UNIVERSIDAD P. COMILLAS,,40.5540663923206,-3.68324540394647,B1,http://www.crtm.es,0,,Europe/Madrid,2
CR,C4a,C4a_13,par_5_85,85,VALDELASFUENTES,,40.547450679886204,-3.6542443385913597,B1,http://www.crtm.es,0,,Europe/Madrid,2
CR,C4a,C4a_14,par_5_4,4,ALCOBENDAS-S.S. DE LOS REYES,,40.546575591925205,-3.6350924942275094,B1,http://www.crtm.es,0,,Europe/Madrid,2
CR,C4b,C4b_0,par_5_53,53,PARLA,,40.240779939933894,-3.7692684670888297,B2,http://www.crtm.es,0,,Europe/Madrid,2
CR,C4b,C4b_1,par_5_36,36,GETAFE SECTOR 3,,40.2882594725019,-3.73724253672422,B1,http://www.crtm.es,0,,Europe/Madrid,2
CR,C4b,C4b_2,par_5_34,34,GETAFE CENTRO,,40.3101101574552,-3.7338437082439397,B1,http://www.crtm.es,0,,Europe/Madrid,2
CR,C4b,C4b_3,par_5_43,43,LAS MARGARITAS-UNIVERSIDAD,,40.323052580859,-3.7272864336254306,B1,http://www.crtm.es,0,,Europe/Madrid,2
CR,C4b,C4b_4,par_5_92,92,VILLAVERDE ALTO,,40.3412389095586,-3.71183451015835,A,http://www.crtm.es,0,,Europe/Madrid,2
CR,C4b,C4b_5,par_5_93,93,VILLAVERDE BAJO,,40.3526507971254,-3.6838931087357905,A,http://www.crtm.es,0,,Europe/Madrid,2
CR,C4b,C4b_6,par_5_11,11,ATOCHA,,40.4066011651398,-3.6892118408395898,A,http://www.crtm.es,0,est_90_54,,2
CR,C4b,C4b_7,par_5_122,122,SOL,,40.4168514100817,-3.7030009543679907,A,http://www.crtm.es,0,est_90_58,,0
CR,C4b,C4b_8,par_5_51,51,NUEVOS MINISTERIOS,,40.4466277031815,-3.6922501798623597,A,http://www.crtm.es,0,est_90_71,,2
CR,C4b,C4b_9,par_5_18,18,CHAMARTIN,,40.4721094623497,-3.68237859937536,A,http://www.crtm.es,0,est_90_25,,2
CR,C4b,C4b_10,par_5_31,31,FUENCARRAL,,40.5015691134975,-3.68225218377436,A,http://www.crtm.es,0,,Europe/Madrid,2
CR,C4b,C4b_11,par_5_15,15,CANTOBLANCO UNIVERSIDAD,,40.5437936933619,-3.70025235112853,B1,http://www.crtm.es,0,,Europe/Madrid,2
CR,C4b,C4b_12,par_5_37,37,EL GOLOSO,,40.558583101112,-3.71397804023902,B1,http://www.crtm.es,0,,Europe/Madrid,0
CR,C4b,C4b_13,par_5_83,83,TRES CANTOS,,40.598445766728396,-3.7155602151020597,B2,http://www.crtm.es,0,,Europe/Madrid,1
CR,C4b,C4b_14,par_5_21,21,COLMENAR VIEJO,,40.6449747266778,-3.7756407081293397,B3,http://www.crtm.es,0,,Europe/Madrid,2
CR,C5,C5_0,par_5_49,49,MOSTOLES EL SOTO,,40.3309024566344,-3.88224085064992,B2,http://www.crtm.es,0,,Europe/Madrid,0
CR,C5,C5_1,par_5_48,48,MOSTOLES,,40.3285131038066,-3.86339907310142,B2,http://www.crtm.es,0,,Europe/Madrid,1
CR,C5,C5_2,par_5_66,66,LAS RETAMAS,,40.3419027014314,-3.84232998157746,B1,http://www.crtm.es,0,,Europe/Madrid,1
CR,C5,C5_3,par_5_5,5,ALCORCON,,40.350088208669796,-3.8316340093151497,B1,http://www.crtm.es,0,,Europe/Madrid,1
CR,C5,C5_4,par_5_72,72,SAN JOSE DE VALDERAS,,40.3565433759808,-3.81579179255598,B1,http://www.crtm.es,0,,Europe/Madrid,0
CR,C5,C5_5,par_5_24,24,CUATRO VIENTOS,,40.3777131916194,-3.7913444859579504,A,http://www.crtm.es,0,,Europe/Madrid,1
CR,C5,C5_6,par_5_1,1,LAS AGUILAS,,40.3811944339821,-3.7801818832285696,A,http://www.crtm.es,0,,Europe/Madrid,0
CR,C5,C5_7,par_5_30,30,FANJUL,,40.3836601949576,-3.7684764339245294,A,http://www.crtm.es,0,,Europe/Madrid,0
CR,C5,C5_8,par_5_7,7,ALUCHE,,40.385639846032,-3.7606525397607404,A,http://www.crtm.es,0,est_90_1,,0
CR,C5,C5_9,par_5_40,40,LAGUNA,,40.3991887229175,-3.74413102406784,A,http://www.crtm.es,0,,Europe/Madrid,0
CR,C5,C5_10,par_5_28,28,EMBAJADORES,,40.405133584937296,-3.7025372643519106,A,http://www.crtm.es,0,,Europe/Madrid,1
CR,C5,C5_11,par_5_11,11,ATOCHA,,40.4066011651398,-3.6892118408395898,A,http://www.crtm.es,0,est_90_54,,2
CR,C5,C5_12,par_5_46,46,MENDEZ ALVARO,,40.3953883033481,-3.6779860250306404,A,http://www.crtm.es,0,est_90_13,,1
CR,C5,C5_13,par_5_26,26,DOCE DE OCTUBRE,,40.378968823860895,-3.69851928058378,A,http://www.crtm.es,0,,Europe/Madrid,0
CR,C5,C5_14,par_5_52,52,ORCASITAS,,40.3669156270104,-3.7043192311254303,A,http://www.crtm.es,0,,Europe/Madrid,0
CR,C5,C5_15,par_5_62,62,PUENTE ALCOCER,,40.350298433469,-3.7050647920732795,A,http://www.crtm.es,0,,Europe/Madrid,0
CR,C5,C5_16,par_5_92,92,VILLAVERDE ALTO,,40.3412389095586,-3.71183451015835,A,http://www.crtm.es,0,,Europe/Madrid,2
CR,C5,C5_17,par_5_95,95,ZARZAQUEMADA,,40.3408651674076,-3.74821098376834,B1,http://www.crtm.es,0,,Europe/Madrid,1
CR,C5,C5_18,par_5_41,41,LEGANES,,40.3289921512769,-3.77138744820868,B1,http://www.crtm.es,0,,Europe/Madrid,1
CR,C5,C5_19,par_5_105,105,PARQUE POLVORANCA,,40.3125159337883,-3.78325102527616,B1,http://www.crtm.es,0,,Europe/Madrid,1
CR,C5,C5_20,par_5_77,77,LA SERNA,,40.2967328627135,-3.7923873322420003,B2,http://www.crtm.es,0,,Europe/Madrid,1
CR,C5,C5_21,par_5_32,32,FUENLABRADA,,40.2826888663979,-3.79876380807025,B2,http://www.crtm.es,0,,Europe/Madrid,1
CR,C5,C5_22,par_5_104,104,HUMANES,,40.255660506545404,-3.82837195835634,B3,http://www.crtm.es,0,,Europe/Madrid,1
CR,C7,C7_0,par_5_2,2,ALCALA DE HENARES,,40.489038872521206,-3.36625200624717,B3,http://www.crtm.es,0,,Europe/Madrid,0
CR,C7,C7_1,par_5_106,106,LA GARENA,,40.480446323851105,-3.3930812823770804,B3,http://www.crtm.es,0,,Europe/Madrid,1
CR,C7,C7_2,par_5_143,143,SOTO DEL HENARES,,40.463542902172996,-3.44124824645267,B2,http://www.crtm.es,0,,Europe/Madrid,0
CR,C7,C7_3,par_5_81,81,TORREJON DE ARDOZ,,40.454614888402,-3.4797310604898,B2,http://www.crtm.es,0,,Europe/Madrid,0
CR,C7,C7_4,par_5_71,71,SAN FERNANDO,,40.4426754342948,-3.5337569967628504,B1,http://www.crtm.es,0,,Europe/Madrid,0
CR,C7,C7_5,par_5_22,22,COSLADA,,40.4237445026866,-3.56105002582089,B1,http://www.crtm.es,0,,Europe/Madrid,1
CR,C7,C7_6,par_5_90,90,VICALVARO,,40.40132727162921,-3.59583931493827,A,http://www.crtm.es,0,,Europe/Madrid,0
CR,C7,C7_7,par_5_75,75,SANTA EUGENIA,,40.386997622806604,-3.6089673976787697,A,http://www.crtm.es,0,,Europe/Madrid,0
CR,C7,C7_8,par_5_87,87,VALLECAS,,40.3822212818191,-3.6244633059562896,A,http://www.crtm.es,0,,Europe/Madrid,1
CR,C7,C7_9,par_5_59,59,EL POZO,,40.3759107464157,-3.6561396279574705,A,http://www.crtm.es,0,,Europe/Madrid,0
CR,C7,C7_10,par_5_10,10,ASAMBLEA DE MADRID-ENTREVIAS,,40.381681158248604,-3.66791743399165,A,http://www.crtm.es,0,,Europe/Madrid,0
CR,C7,C7_11,par_5_11,11,ATOCHA,,40.4066011651398,-3.6892118408395898,A,http://www.crtm.es,0,est_90_54,,2
CR,C7,C7_12,par_5_65,65,RECOLETOS,,40.423420623761295,-3.6907626799938704,A,http://www.crtm.es,0,,Europe/Madrid,0
CR,C7,C7_13,par_5_51,51,NUEVOS MINISTERIOS,,40.4466277031815,-3.6922501798623597,A,http://www.crtm.es,0,est_90_71,,2
CR,C7,C7_14,par_5_18,18,CHAMARTIN,,40.4721094623497,-3.68237859937536,A,http://www.crtm.es,0,est_90_25,,2
CR,C7,C7_15,par_5_64,64,RAMON Y CAJAL,,40.4882522939954,-3.6946481959126496,A,http://www.crtm.es,0,,Europe/Madrid,0
CR,C7,C7_16,par_5_145,145,MIRASIERRA-PACO DE LUCIA,,40.4997,-3.7091,A,http://www.crtm.es,0,,Europe/Madrid,0
CR,C7,C7_17,par_5_58,58,PITIS,,40.495115042597604,-3.72575435236588,A,http://www.crtm.es,0,,Europe/Madrid,1
CR,C7,C7_18,par_5_68,68,LAS ROZAS,,40.494242023891395,-3.8680333825642204,B2,http://www.crtm.es,0,,Europe/Madrid,0
CR,C7,C7_19,par_5_42,42,MAJADAHONDA,,40.474285233963705,-3.8452561987825202,B2,http://www.crtm.es,0,,Europe/Madrid,1
CR,C7,C7_20,par_5_13,13,EL BARRIAL-C.C. POZUELO,,40.4653831832569,-3.8076474278486403,B1,http://www.crtm.es,0,,Europe/Madrid,0
CR,C7,C7_21,par_5_60,60,POZUELO,,40.4472743567471,-3.8000251574227204,B1,http://www.crtm.es,0,,Europe/Madrid,0
CR,C7,C7_22,par_5_9,9,ARAVACA,,40.4483360938325,-3.78576906207162,A,http://www.crtm.es,0,,Europe/Madrid,1
CR,C7,C7_23,par_5_61,61,PRINCIPE PIO,,40.4210790188043,-3.7201723106450295,A,http://www.crtm.es,0,est_90_18,,0
CR,C8,C8_0,par_5_38,38,GUADALAJARA,,40.6440936102746,-3.18230377067774,C2,http://www.crtm.es,0,,Europe/Madrid,0
CR,C8,C8_1,par_5_12,12,AZUQUECA,,40.5610431126363,-3.26537808007204,C1,http://www.crtm.es,0,,Europe/Madrid,1
CR,C8,C8_2,par_5_45,45,MECO,,40.534629296321,-3.29857120296861,C1,http://www.crtm.es,0,,Europe/Madrid,0
CR,C8,C8_3,par_5_3,3,ALCALA DE HENARES UNIVERSIDAD,,40.5053487667517,-3.33532393016683,B3,http://www.crtm.es,0,,Europe/Madrid,0
CR,C8,C8_4,par_5_2,2,ALCALA DE HENARES,,40.489038872521206,-3.36625200624717,B3,http://www.crtm.es,0,,Europe/Madrid,0
CR,C8,C8_5,par_5_106,106,LA GARENA,,40.480446323851105,-3.3930812823770804,B3,http://www.crtm.es,0,,Europe/Madrid,1
CR,C8,C8_6,par_5_143,143,SOTO DEL HENARES,,40.463542902172996,-3.44124824645267,B2,http://www.crtm.es,0,,Europe/Madrid,0
CR,C8,C8_7,par_5_81,81,TORREJON DE ARDOZ,,40.454614888402,-3.4797310604898,B2,http://www.crtm.es,0,,Europe/Madrid,0
CR,C8,C8_8,par_5_71,71,SAN FERNANDO,,40.4426754342948,-3.5337569967628504,B1,http://www.crtm.es,0,,Europe/Madrid,0
CR,C8,C8_9,par_5_22,22,COSLADA,,40.4237445026866,-3.56105002582089,B1,http://www.crtm.es,0,,Europe/Madrid,1
CR,C8,C8_10,par_5_90,90,VICALVARO,,40.40132727162921,-3.59583931493827,A,http://www.crtm.es,0,,Europe/Madrid,0
CR,C8,C8_11,par_5_75,75,SANTA EUGENIA,,40.386997622806604,-3.6089673976787697,A,http://www.crtm.es,0,,Europe/Madrid,0
CR,C8,C8_12,par_5_87,87,VALLECAS,,40.3822212818191,-3.6244633059562896,A,http://www.crtm.es,0,,Europe/Madrid,1
CR,C8,C8_13,par_5_59,59,EL POZO,,40.3759107464157,-3.6561396279574705,A,http://www.crtm.es,0,,Europe/Madrid,0
CR,C8,C8_14,par_5_10,10,ASAMBLEA DE MADRID-ENTREVIAS,,40.381681158248604,-3.66791743399165,A,http://www.crtm.es,0,,Europe/Madrid,0
CR,C8,C8_15,par_5_11,11,ATOCHA,,40.4066011651398,-3.6892118408395898,A,http://www.crtm.es,0,est_90_54,,2
CR,C8,C8_16,par_5_65,65,RECOLETOS,,40.423420623761295,-3.6907626799938704,A,http://www.crtm.es,0,,Europe/Madrid,0
CR,C8,C8_17,par_5_51,51,NUEVOS MINISTERIOS,,40.4466277031815,-3.6922501798623597,A,http://www.crtm.es,0,est_90_71,,2
CR,C8,C8_18,par_5_18,18,CHAMARTIN,,40.4721094623497,-3.68237859937536,A,http://www.crtm.es,0,est_90_25,,2
CR,C8,C8_19,par_5_64,64,RAMON Y CAJAL,,40.4882522939954,-3.6946481959126496,A,http://www.crtm.es,0,,Europe/Madrid,0
CR,C8,C8_20,par_5_145,145,MIRASIERRA-PACO DE LUCIA,,40.4997,-3.7091,A,http://www.crtm.es,0,,Europe/Madrid,0
CR,C8,C8_21,par_5_58,58,PITIS,,40.495115042597604,-3.72575435236588,A,http://www.crtm.es,0,,Europe/Madrid,1
CR,C8,C8_22,par_5_55,55,PINAR DE LAS ROZAS,,40.5223060941516,-3.8820657658893998,B2,http://www.crtm.es,0,,Europe/Madrid,0
CR,C8,C8_23,par_5_44,44,LAS MATAS,,40.5525253841785,-3.8967411356931203,B2,http://www.crtm.es,0,,Europe/Madrid,1
CR,C8,C8_24,par_5_82,82,TORRELODONES,,40.574513990894,-3.95644911190209,B3,http://www.crtm.es,0,,Europe/Madrid,1
CR,C8,C8_25,par_5_33,33,GALAPAGAR-LA NAVATA,,40.6001201927881,-3.98176360815813,B3,http://www.crtm.es,0,,Europe/Madrid,0
CR,C8,C8_26,par_5_91,91,VILLALBA,,40.6263702008332,-4.00800585940991,B3,http://www.crtm.es,0,,Europe/Madrid,1
CR,C8,C8_27,par_5_50,50,LOS NEGRALES,,40.6385815868385,-4.02180081138074,C1,http://www.crtm.es,0,,Europe/Madrid,0
CR,C8,C8_28,par_5_6,6,ALPEDRETE,,40.658165812941,-4.03496961859464,C1,http://www.crtm.es,0,,Europe/Madrid,0
CR,C8,C8_29,par_5_20,20,COLLADO MEDIANO,,40.692759921718995,-4.03577699260154,C1,http://www.crtm.es,0,,Europe/Madrid,0
CR,C8,C8_30,par_5_47,47,LOS MOLINOS,,40.7073509340203,-4.0667220143667295,C2,http://www.crtm.es,0,,Europe/Madrid,0
CR,C8,C8_31,par_5_16,16,CERCEDILLA,,40.7375733500909,-4.06580719855992,C2,http://www.crtm.es,0,,Europe/Madrid,1
CR,C9,C9_0,par_5_16,16,CERCEDILLA,,40.7375733500909,-4.06580719855992,C2,http://www.crtm.es,0,,Europe/Madrid,1
CR,C9,C9_1,par_5_63,63,PUERTO DE NAVACERRADA,,40.784415667070604,-4.00464386263311,C2,http://www.crtm.es,0,,Europe/Madrid,0
CR,C9,C9_2,par_5_23,23,COTOS,,40.8222601406103,-3.96443439316078,C2,http://www.crtm.es,0,,Europe/Madrid,0
CR,C10,C10_0,par_5_91,91,VILLALBA,,40.6263702008332,-4.00800585940991,B3,http://www.crtm.es,0,,Europe/Madrid,1
CR,C10,C10_1,par_5_33,33,GALAPAGAR-LA NAVATA,,40.6001201927881,-3.98176360815813,B3,http://www.crtm.es,0,,Europe/Madrid,0
CR,C10,C10_2,par_5_82,82,TORRELODONES,,40.574513990894,-3.95644911190209,B3,http://www.crtm.es,0,,Europe/Madrid,1
CR,C10,C10_3,par_5_44,44,LAS MATAS,,40.5525253841785,-3.8967411356931203,B2,http://www.crtm.es,0,,Europe/Madrid,1
CR,C10,C10_4,par_5_55,55,PINAR DE LAS ROZAS,,40.5223060941516,-3.8820657658893998,B2,http://www.crtm.es,0,,Europe/Madrid,0
CR,C10,C10_5,par_5_68,68,LAS ROZAS,,40.494242023891395,-3.8680333825642204,B2,http://www.crtm.es,0,,Europe/Madrid,0
CR,C10,C10_6,par_5_42,42,MAJADAHONDA,,40.474285233963705,-3.8452561987825202,B2,http://www.crtm.es,0,,Europe/Madrid,1
CR,C10,C10_7,par_5_13,13,EL BARRIAL-C.C. POZUELO,,40.4653831832569,-3.8076474278486403,B1,http://www.crtm.es,0,,Europe/Madrid,0
CR,C10,C10_8,par_5_60,60,POZUELO,,40.4472743567471,-3.8000251574227204,B1,http://www.crtm.es,0,,Europe/Madrid,0
CR,C10,C10_9,par_5_9,9,ARAVACA,,40.4483360938325,-3.78576906207162,A,http://www.crtm.es,0,,Europe/Madrid,1
CR,C10,C10_10,par_5_61,61,PRINCIPE PIO,,40.4210790188043,-3.7201723106450295,A,http://www.crtm.es,0,est_90_18,,0
CR,C10,C10_11,par_5_57,57,PIRAMIDES,,40.4026028948529,-3.71124315951466,A,http://www.crtm.es,0,,Europe/Madrid,1
CR,C10,C10_12,par_5_25,25,DELICIAS,,40.400382320912,-3.6926718217550896,A,http://www.crtm.es,0,,Europe/Madrid,1
CR,C10,C10_13,par_5_46,46,MENDEZ ALVARO,,40.3953883033481,-3.6779860250306404,A,http://www.crtm.es,0,est_90_13,,1
CR,C10,C10_14,par_5_11,11,ATOCHA,,40.4066011651398,-3.6892118408395898,A,http://www.crtm.es,0,est_90_54,,2
CR,C10,C10_15,par_5_65,65,RECOLETOS,,40.423420623761295,-3.6907626799938704,A,http://www.crtm.es,0,,Europe/Madrid,0
CR,C10,C10_16,par_5_51,51,NUEVOS MINISTERIOS,,40.4466277031815,-3.6922501798623597,A,http://www.crtm.es,0,est_90_71,,2
CR,C10,C10_17,par_5_18,18,CHAMARTIN,,40.4721094623497,-3.68237859937536,A,http://www.crtm.es,0,est_90_25,,2
CR,C10,C10_18,par_5_133,133,FUENTE DE LA MORA,,40.4847551076476,-3.66273198940419,A,http://www.crtm.es,0,,Europe/Madrid,2
CR,C10,C10_19,par_5_144,144,VALDEBEBAS,,40.4823091642411,-3.61634057588727,A,http://www.crtm.es,0,,Europe/Madrid,2
CR,C10,C10_20,par_5_142,142,AEROPUERTO T4,,40.4917812474987,-3.59324027187479,A,http://www.crtm.es,0,est_90_33,,2
